학년군,교과,영역,"핵심
아이디어",내용요소 (지식/이해만),성취기준 코드,성취기준,성취수준(A),성취수준(B),성취수준(C),해설
3~4,국어,듣기⋅말하기,"⋅듣기⋅말하기는 언어, 준언어, 비언어, 매체 등을 활용하여 서로의 생각과 감정을 주고받는 행위이다.
⋅화자와 청자는 상황 맥락 및 사회⋅문화적 맥락 속에서 의사소통 목적을 달성하기 위하여 다양한 유형의 담화를 듣고 말한다.
⋅화자와 청자는 의사소통 과정에 협력적으로 참여하고 듣기⋅말하기 과정에서의 문제를 해결하기 위해 적절한 전략을 사용하여 듣고 말한다.
⋅화자와 청자는 듣기⋅말하기에 흥미를 가지고 적극적으로 참여하면서 담화 공동체 구성원으로 성장하고, 상호 존중하고 공감하는 소통 문화를 만들어 간다.",,[4국01-01],중요한 내용과 주제를 파악하며 듣고 그 내용을 요약한다.,"중요한 내용과 주제를 정확하게 파악하며 듣고, 중심 내용과 세부 내용을 구분하여 자신의 언어로 요약할 수 있다.","중요한 내용과 주제를 파악하며 듣고, 중심 내용과 세부 내용을 구분하여 요약할 수 있다.","중요한 내용과 주제의 일부를 파악하며 듣고, 자신이 파악한 내용을 중심으로 요약한다.",
3~4,국어,듣기⋅말하기,,,[4국01-02],원인과 결과의 관계를 고려하여 내용을 예측하며 듣고 말한다.,"원인과 결과의 관계를 올바르게 고려하여 이어질 내용을 예측하며 듣고, 원인과 결과가 분명히 드러나게 말할 수 있다.",,"원인과 결과의 관계를 알고 이어질 내용을 부분적으로 예측하며 듣고, 원인이나 결과가 일부 드러나게 말한다.",
3~4,국어,듣기⋅말하기,,,[4국01-03],상황에 적절한 준언어⋅비언어적 표현을 활용하여 듣고 말한다.,담화 상황에 적절한 준언어ㆍ비언어적 표현을 활용하여 의미를 효과적으로 전달하고 이해하며 듣고 말할 수 있다.,담화 상황에 적절한 준언어ㆍ비언어적 표현을 활용하여 의미를 전달하고 이해하며 듣고 말할 수 있다.,담화 상황에서 준언어ㆍ비언어적 표현을 일부 활용하여 듣고 말한다.,"이 성취기준은 구어 의사소통 상황에서 억양, 어조, 속도 등의 준언어적 표현과 표정, 시선, 몸동작, 자세 등의 비언어적 표현을 활용하여 의미를 효과적으로 전달하고 이해할 수 있는 능력을 기르기 위해 설정하였다. 다양한 상황에 알맞은 준언어⋅비언어적 표현의 중요성 이해하기, 준언어⋅비언어적 표현의 의미와 효과 파악하기, 준언어⋅비언어적 표현의 적절성 점검하기, 상황에 적절한 준언어⋅비언어적 표현 활용하기 등을 학습한다."
3~4,국어,듣기⋅말하기,,"⋅상황 맥락
⋅대화",[4국01-04],상황과 상대의 입장을 이해하고 예의를 지키며 대화한다.,"상황과 상대의 입장을 정확히 이해하고, 상대를 배려하는 표현을 적극적으로 활용하여 예의를 지키며 대화할 수 있다.","상황과 상대의 입장을 이해하고, 상대를 배려하는 표현을 사용하여 예의를 지키며 대화할 수 있다.","상황과 상대의 입장을 부분적으로 이해하고, 일부 상황에서 예의를 지키며 대화한다.",
3~4,국어,듣기⋅말하기,,"⋅상황 맥락
⋅발표",[4국01-05],목적과 주제에 알맞게 자료를 정리하여 자신감 있게 발표한다.,"주어진 자료에서 발표 목적과 주제에 알맞은 내용을 중심으로 발표 내용을 정리하고, 발표 전 연습을 통해 점검한 사항을 바탕으로 자신감 있게 발표할 수 있다.","주어진 자료에서 발표 목적과 주제에 알맞은 내용을 중심으로 발표 내용을 정리하고, 자신감 있게 발표할 수 있다.","주어진 자료에서 발표 목적과 주제를 부분적으로 고려하여 발표 내용을 정리하고, 이를 나열하는 수준에서 발표한다.","이 성취기준은 교과 학습 상황을 비롯하여 다양한 상황에서 필요한 기초적인 발표 능력을 기르기 위해 설정하였다. 주어진 자료에서 발표 목적과 주제에 알맞은 내용을 중심으로 발표 내용 정리하기, 준비한 내용이 명확하게 전달되는지를 점검하며 발표 연습하기, 준언어⋅비언어적 표현을 효과적으로 사용하는지 점검하며 발표 연습하기, 연습 과정에서 부족했던 부분을 조정하여 자신감을 가지고 발표하기 등을 학습한다."
3~4,국어,듣기⋅말하기,,"⋅상황 맥락
⋅토의",[4국01-06],주제에 적절한 의견과 이유를 제시하고 서로의 생각을 교환하며 토의한다.,"주제에 적절한 의견과 타당한 이유를 분명하게 제시하고, 서로의 생각을 적극적으로 교환하며 다른 사람을 존중하는 태도로 토의에 참여할 수 있다.","주제에 적절한 의견과 이유를 제시하고, 서로의 생각을 교환하며 다른 사람을 존중하는 태도로 토의에 참여할 수 있다.","주제에 대한 의견과 이유를 일부 제시하고, 서로의 생각을 부분적으로 묻고 답하며 토의에 참여한다.","이 성취기준은 문제를 합리적으로 해결하기 위한 기초 능력으로서 토의 능력을 기르기 위해 설정하였다. 주제에 적절한 의견을 이유와 함께 제시하기, 상대의 의견을 구체적으로 파악하거나 의견과 이유의 적절성을 점검하기 위해 서로 묻고 답하기, 다른 사람의 생각 존중하기 등을 학습한다."
3~4,국어,읽기,"⋅읽기는 독자가 자신의 배경지식이나 경험을 활용하여 언어를 비롯한 다양한 기호나 매체로 표현된 글의 의미를 능동적으로 구성하는 행위이다.
⋅독자는 다양한 상황 맥락과 사회⋅문화적 맥락 속에서 자신의 읽기 목적을 달성하기 위하여 다양한 유형의 글을 읽는다.
⋅독자는 읽기 과정을 점검⋅조정하며 읽기 과정에서 부딪히는 문제를 해결하기 위해 적절한 읽기 전략을 사용하여 글을 읽는다. 
⋅독자는 읽기 경험을 통해 읽기에 대한 긍정적 정서를 형성하고 삶과 공동체의 문제 해결을 위해 공동체 구성원과 함께 독서를 통해 소통함으로써 사회적 독서 문화를 만들어 간다.",⋅상황 맥락,[4국02-01],글의 의미를 파악하며 유창하게 글을 읽는다.,"글의 의미를 정확하게 파악하고, 글의 의미를 효과적으로 표현하는 방법을 사용하여 유창하게 소리 내어 글을 읽을 수 있다.","글의 의미를 파악하고, 글의 의미를 효과적으로 표현하는 방법을 사용하여 유창하게 글을 읽을 수 있다.",글의 의미를 부분적으로 파악하며 글을 소리 내어 읽는다.,"이 성취기준은 글의 의미를 효과적으로 표현하는 방법을 사용하여 유창하게 글을 읽는 능력을 기르기 위해 설정하였다. 글의 유형에 따라 글의 분위기, 장면, 인물의 특성 등을 파악하고 이를 고려하되, 어조, 억양, 속도, 강세 등의 표현 요소를 활용하여 글을 읽으면서 글의 의미를 효과적으로 표현하기 등을 학습한다."
3~4,국어,읽기,,,[4국02-02],문단과 글에서 중심 생각을 파악하고 내용을 간추린다.,"문단별로 중요 단어와 중심 문장을 정확하게 파악하고, 문단별 중심 내용을 통합하여 글의 중심 생각을 파악할 수 있으며, 이를 자신의 말로 바꾸어 간추릴 수 있다.","문단별로 중요 단어와 중심 문장을 파악하고, 문단별 중심 내용을 통합하여 글의 중심 생각을 파악할 수 있으며, 이를 간추릴 수 있다.","문단별 중심 내용을 일부 파악하고, 글의 중심 생각을 부분적으로 파악하여 이를 간추린다.",
3~4,국어,읽기,,,[4국02-03],질문을 활용하여 글을 예측하며 읽고 자신의 읽기 과정을 점검한다.,질문을 활용하여 글의 의미나 내용을 예측하며 읽고 글에 대한 이해 수준과 읽기 과정에서 겪는 어려움을 적극적으로 점검하며 읽을 수 있다.,질문을 활용하여 글의 내용을 예측하며 읽고 자신의 읽기 과정에서 겪는 어려움을 점검할 수 있다.,질문을 활용하여 부분적으로 글을 예측하며 읽고 자신의 읽기 과정에서 겪는 어려움을 일부 점검한다.,"이 성취기준은 글을 읽으며 글에 대한 질문을 만들고 이에 대한 답을 예측하면서 글을 읽는 추론적 읽기 능력을 기르기 위해 설정하였다. 읽기 전이나 읽기 중에 이루어지는 질문을 통해 자신의 배경지식이나 경험을 글과 관련짓기, 배경지식이나 경험을 활성화하여 글의 의미 추론하기, 제목이나 글의 차례, 사진이나 그림 등의 자료를 통해 글의 의미 추론하기, 질문을 통해 단어의 의미, 이어질 내용이나 사건의 전후를 예측하기, 질문을 통해 글을 이해한 정도를 점검하거나 읽기 과정에서 겪는 어려움을 점검하기 등을 학습한다."
3~4,국어,읽기,,"⋅상황 맥락
⋅주장, 이유, 근거가 명시적인 글",[4국02-04],글에 나타난 사실과 의견을 구분하고 필자와 자신의 의견을 비교한다.,글에 나타난 사실과 의견을 구분하고 의견에 대한 타당성 평가를 바탕으로 필자와 자신의 의견을 적극적으로 비교할 수 있다.,글에 나타난 사실과 의견을 구분하고 필자의 의견을 일방적으로 수용하지 않고 자신의 의견을 비교할 수 있다.,"글에 나타난 사실과 의견을 부분적으로 구분하고, 필자와 자신의 의견을 일부 비교한다.","이 성취기준은 글에 나타난 사실과 의견을 구별하고 필자와 자신의 의견을 비교하면서 필자의 의견을 일방적으로 수용하지 않고 글을 비판적으로 읽는 능력을 기르기 위해 설정하였다. 글을 읽고 필자의 의견과 객관적 사실을 구별하기, 필자의 의견과 자신의 의견을 비교하기, 필자의 의견에 대한 타당성을 평가하기, 동일한 주제나 상황에 대한 서로 다른 의견 비교하기 등을 학습한다."
3~4,국어,읽기,,"⋅상황 맥락
⋅주장, 이유, 근거가 명시적인 글",[4국02-05],글이나 자료의 출처가 믿을 만한지 판단한다.,글이나 자료를 찾아 읽을 때 출처를 정확하게 확인하고 평가 기준에 따라 출처가 믿을 만한지 능동적으로 판단할 수 있다.,글이나 자료를 찾아 읽을 때 출처를 확인하고 평가 기준에 따라 출처가 믿을 만한지 판단할 수 있다.,글이나 자료를 찾아 읽을 때 출처를 일부 확인하고 출처가 믿을 만한지 부분적으로 판단한다.,"이 성취기준은 도서관이나 인터넷 등을 통해 글이나 자료를 찾아 읽을 때 출처의 신뢰성을 평가하며 읽고 믿을 만한 글이나 자료를 선별하는 능력을 기르기 위해 설정하였다. 글이나 자료의 출처 확인 방법이나 필요성 이해하기, 다양한 매체를 활용하여 글이나 자료 탐색하기, 글이나 자료의 정보 출처 파악하기, 정보 출처의 유형이나 정보의 최신성 확인하기, 권위나 공신력 등을 고려한 신뢰성 평가하기, 여러 정보를 비교하며 내용의 신뢰성 평가하기 등을 학습한다."
3~4,국어,읽기,,,[4국02-06],바람직한 읽기 습관을 형성하고 읽기에 대한 자신감을 기른다.,"다양한 읽기 활동에 적극적으로 참여하면서 바람직한 읽기 습관을 형성하고, 읽기에 대한 자신감을 갖는다.","읽기 경험을 통해 바람직한 읽기 습관을 형성하고, 읽기에 대한 자신감을 기를 수 있다.",바람직한 읽기 습관과 읽기에 대한 자신감의 형성이 제한적이다.,
3~4,국어,쓰기,"⋅쓰기는 언어를 비롯한 다양한 기호나 매체를 활용하여 인간의 생각과 감정을 글로 표현함으로써 의미를 구성하는 행위이다.
⋅필자는 상황 맥락 및 사회⋅문화적 맥락 속에서 자신의 의사소통 목적을 달성하기 위하여 다양한 유형의 글을 쓴다.
⋅필자는 쓰기 과정에서 부딪히는 문제를 해결하기 위하여 적절한 쓰기 전략을 사용하여 글을 쓴다.
⋅필자는 쓰기 경험을 통해 언어 공동체의 구성원으로 성장하고, 쓰기 윤리를 갖추어 독자와 소통함으로써 바람직한 의사소통 문화를 만들어 간다.",⋅문단 쓰기,[4국03-01],"중심 문장과 뒷받침 문장을 갖추어 문단을 쓰고, 문장과 문단을 중심으로 고쳐 쓴다.","중심 문장과 뒷받침 문장을 갖추어 문단을 짜임새 있게 쓸 수 있고, 문장과 문단을 중심으로 글의 내용과 표현을 효과적으로 고쳐 쓸 수 있다.","중심 문장과 뒷받침 문장을 갖추어 문단을 쓸 수 있고, 문장과 문단을 중심으로 글의 내용과 표현을 고쳐 쓸 수 있다.","중심 문장이 있는 문단을 쓰고, 문장을 중심으로 글의 내용이나 표현을 일부 고쳐 쓴다.","이 성취기준은 문단을 짜임새 있게 쓰는 능력을 길러 글을 쓰는 과정에서 이를 적용할 수 있도록 하기 위해 설정하였다. 문단의 개념, 문단의 기능과 역할, 중심 문장과 뒷받침 문장의 관계, 중심 문장과 뒷받침 문장을 쓰는 방법, 중심 문장과 뒷받침 문장을 갖추어 문단을 쓰는 방법, 문장과 문단을 중심으로 글을 고쳐 쓰는 방법 등을 학습한다."
3~4,국어,쓰기,,"⋅상황 맥락 
⋅절차와 결과를 보고하는 글",[4국03-02],절차와 결과가 드러나게 정확한 표현으로 보고하는 글을 쓴다.,"절차와 결과가 드러나게 글의 내용을 짜임새 있게 조직하고, 사실에 기반한 내용을 간결하고 정확한 표현으로 보고하는 글을 쓸 수 있다.",절차와 결과가 드러나게 글의 내용을 조직하고 사실에 기반한 내용과 정확한 표현으로 보고하는 글을 쓸 수 있다.,절차와 결과가 부분적으로 드러나게 글의 내용을 조직하고 일부 정확한 표현을 사용하여 보고하는 글을 쓴다.,"이 성취기준은 교과 학습의 기초가 되는 보고하는 글을 쓰는 능력을 기르기 위해 설정하였다. 보고하는 글의 개념, 보고하는 글에 들어가야 할 내용 요소, 절차와 결과가 드러나게 글의 내용을 조직하는 방법, 절차와 결과를 정확하게 표현해야 하는 이유, 정확한 표현으로 보고하는 글 쓰기 등을 학습한다."
3~4,국어,쓰기,,"⋅상황 맥락 
⋅이유를 들어 의견을 제시하는 글",[4국03-03],대상에 대한 자신의 의견과 그렇게 생각한 이유가 드러나게 글을 쓴다.,대상에 대해 자신의 의견을 제시하고 의견을 뒷받침하는 이유가 명료하게 드러나도록 글을 쓸 수 있다.,대상에 대해 자신의 의견을 제시하고 의견을 뒷받침하는 이유를 들어 글을 쓸 수 있다.,대상에 대해 자신의 의견을 제한적으로 제시하거나 의견에 대한 이유가 부분적으로 드러나게 글을 쓴다.,"이 성취기준은 어떤 대상이나 사실, 문제에 대한 자신의 의견을 구체적이고 명료하게 글로 쓰는 능력을 기르기 위해 설정하였다. 의견의 개념, 의견을 제시하는 것이 필요한 이유와 상황, 주제를 고려하여 자신의 의견을 제시하는 방법, 의견에 대한 이유를 드는 방법 등을 학습한다."
3~4,국어,쓰기,,"⋅상황 맥락 
⋅독자에게 마음을 전하는 글",[4국03-04],목적과 주제를 고려하여 독자에게 마음을 전하는 글을 쓴다.,목적과 주제와 같은 상황 맥락을 전체적으로 고려하여 독자에게 마음을 전하는 글을 쓸 수 있다.,목적과 주제와 같은 상황 맥락을 고려하여 독자에게 마음을 전하는 글을 쓸 수 있다.,목적 또는 주제를 부분적으로 고려하여 독자에게 마음을 전하는 글을 쓴다.,
3~4,국어,쓰기,,,[4국03-05],자신의 쓰기 과정을 점검하며 쓰기에 자신감을 갖는다.,"자신의 쓰기 과정을 능동적으로 점검하여 글의 내용과 표현을 수정·보완할 수 있고, 다양한 유형의 글을 쓰면서 쓰기에 자신감을 갖는다.","자신의 쓰기 과정을 점검하여 글의 내용이나 표현을 수정·보완할 수 있고, 다양한 유형의 글을 쓰면서 쓰기에 자신감을 갖는다.","자신의 쓰기 과정을 제한적으로 점검하고, 일부 유형의 글을 쓰면서 쓰기에 자신감을 갖는다.",
3~4,국어,문법,"⋅문법은 국어의 형식과 내용을 이루는 틀로서 규칙과 원리로 구성⋅운영되며, 문법 탐구는 문법에 대해 사고하는 활동으로 국어에 대한 총체적 앎을 이끈다. 
⋅국어는 체계와 구조를 갖춘 의미 생성 자원이자, 사회적으로 구성된 관습적 규약이며, 공동체의 사고와 가치를 표상하는 문화적 산물이다. 
⋅국어 자료는 다양한 맥락에서 만들어지는 의사소통의 결과물로서, 국어 현상을 파악하고 국어 문제를 발견할 수 있는 문법 탐구의 대상이다. 
⋅국어 사용자는 일상생활에서 국어 현상과 국어 문제를 탐구하고 성찰하면서 언어 주체로서의 정체성과 국어 의식을 형성한다.",⋅단어의 의미와 단어 간의 의미 관계,[4국04-01],단어와 단어 간의 의미 관계를 파악한다.,다양한 단어 간의 의미 관계를 종합적으로 분석할 수 있다.,단어와 단어 간의 의미 관계를 이해할 수 있다.,단어와 단어 간의 의미 관계를 제한적으로 이해한다.,
3~4,국어,문법,,"⋅단어의 분류
⋅단어의 정확한 발음과 표기",[4국04-02],단어를 분류하고 국어사전을 활용하여 능동적인 국어 활동을 한다.,단어를 다양한 기준에 따라 분류하고 국어사전의 정보를 종합적으로 활용하여 능동적인 국어 활동을 할 수 있다.,단어를 분류하고 국어사전의 정보를 활용하여 국어 활동을 할 수 있다.,단어의 분류 기준을 확인하고 국어사전의 정보를 일부 활용하여 국어 활동을 한다.,"이 성취기준은 단어에 대한 기본적인 이해를 바탕으로 국어사전에서 단어를 찾고 국어사전에 수록된 정보를 활용하여 능동적인 국어생활을 할 수 있는 능력을 기르기 위해 설정하였다. 명사, 동사, 형용사에 대한 기본적인 이해를 바탕으로 하되, 상황에 따라 다양하게 해석되는 단어의 의미를 국어사전에서 찾을 수 있도록 동형이의어와 다의어가 국어사전에 수록된 방식을 이해하고, 동사와 형용사의 기본형과 활용형을 구분할 수 있도록 한다. 또한 국어사전을 통해 단어의 표기, 발음, 품사, 의미, 용례 등 다양한 정보를 확인할 수 있음을 이해하고, 단어의 정확한 발음과 표기를 국어사전에서 찾아 어법에 맞는 국어생활을 할 수 있도록 한다."
3~4,국어,문법,,"⋅문장의 기본 구조",[4국04-03],기본적인 문장의 짜임을 이해하고 적절하게 사용한다.,다양한 문장에서 기본적인 문장의 짜임을 분석하고 여러 가지 짜임의 문장을 적절하게 사용할 수 있다.,기본적인 문장의 짜임을 이해하고 여러 가지 짜임의 문장을 사용할 수 있다.,기본적인 문장의 짜임을 제한적으로 이해하고 사용한다.,
3~4,국어,문법,,"⋅참여자 간 관계 및 장면에 따른 언어
⋅글과 담화의 높임 표현과 지시⋅접속 표현",[4국04-04],글과 담화에 쓰인 높임 표현과 지시⋅접속 표현을 이해하고 상황에 맞게 표현한다.,글과 담화에 쓰인 다양한 높임 표현과 지시·접속 표현을 분석하고 적절한 표현을 상황에 따라 효과적으로 활용할 수 있다.,글과 담화에 쓰인 다양한 높임 표현과 지시·접속 표현을 이해하고 이를 상황에 따라 표현할 수 있다.,글과 담화에 쓰인 높임 표현과 지시·접속 표현을 확인하고 일부를 상황에 따라 제한적으로 표현한다.,"이 성취기준은 높임 표현과 지시⋅접속 표현이 상황 맥락에 맞는 언어 표현을 선택하거나 글이나 담화를 유기적으로 구성하는 데 필요한 지식임을 이해하고, 글이나 담화에서 높임 표현과 지시⋅접속 표현을 적절히 사용할 수 있는 능력을 기르기 위해 설정하였다. 높임 표현의 기능과 적절한 사용 방식, 앞에 나온 말을 가리키는 지시 표현 및 문장과 문장 등을 연결하는 다양한 접속 표현의 기능과 이러한 표현들의 적절한 사용 방식을 학습한다."
3~4,국어,문법,,"⋅의사소통과 관계 형성 수단으로서의 언어",[4국04-05],언어가 의사소통과 관계 형성의 수단임을 이해하고 국어를 소중히 여기는 태도를 지닌다.,언어가 의사소통과 관계 형성의 수단임을 종합적으로 이해하고 국어를 소중히 여기는 태도를 내면화한다.,언어가 의사소통과 관계 형성의 수단임을 이해하고 국어의 소중함을 인식하는 태도를 지닌다.,언어가 의사소통과 관계 형성의 수단임을 확인하고 국어의 소중함에 관심을 가진다.,
3~4,국어,문학,"⋅문학은 인간의 삶을 언어로 형상화한 작품을 통해 즐거움과 깨달음을 얻고 타자와 소통하는 행위이다. 
⋅문학 작품을 통한 소통은 작품의 갈래, 작가와 독자, 사회와 문화, 문학사의 영향 등을 고려하며 이루어진다.
⋅문학 수용⋅생산 능력은 문학의 해석, 감상, 비평, 창작 활동을 통해 향상된다. 
⋅인간은 문학을 향유하면서 자아를 성찰하고 타자를 이해하며 공동체의 일원으로 성장한다.","⋅독자 맥락 
⋅이야기",[4국05-01],인물과 이야기의 흐름을 중심으로 작품을 감상한다.,인물과 이야기의 흐름을 적절하게 파악하며 작품을 능동적으로 감상할 수 있다.,인물과 이야기의 흐름을 파악하며 작품을 감상할 수 있다.,인물과 이야기의 흐름에 관심을 가지며 작품을 감상한다.,"이 성취기준은 문학 작품 속 인물의 특성과 서사의 기본 구조를 파악하며 작품을 이해하는 능력을 기르게 하기 위해 설정하였다. 이야기를 읽을 때 인물의 성격과 역할을 파악하고, 이를 고려하여 시간적 순서나 인과관계를 생각하며 이야기의 흐름을 파악하는 활동에 중점을 둔다. 나아가 작품 속 다양한 인물의 특성을 고려하면서 이어질 이야기를 상상하여 표현해 봄으로써 작품을 능동적으로 이해하고 감상하게 한다."
3~4,국어,문학,,⋅독자 맥락,[4국05-02],자신의 경험을 바탕으로 작품 속 세계와 현실 세계를 비교하여 작품을 감상한다.,자신의 경험을 바탕으로 작품 속 세계와 현실 세계의 공통점이나 차이점을 구체적으로 비교하고 작품에 대한 의견을 나누며 적극적으로 감상할 수 있다.,자신의 경험을 바탕으로 작품 속 세계와 현실 세계의 공통점이나 차이점을 비교하며 작품을 감상할 수 있다.,자신의 경험을 바탕으로 작품 속 세계와 현실 세계의 공통점이나 차이점을 부분적으로 비교하며 작품을 감상한다.,"이 성취기준은 작품 속의 세계가 현실 세계를 반영한 것이지만, 허구적 세계로서 현실 세계와 구별된다는 점을 인식하며 작품을 감상할 수 있게 하기 위해 설정하였다. 작품 속의 인물⋅정서⋅상황⋅배경⋅분위기⋅사건 등을 이해할 때 학습자 자신의 경험을 바탕으로 경험과 상상, 사실과 허구를 비교하며 생각하게 하고, 허구적으로 표현한 부분에 대한 의견을 나누며 작품을 감상하도록 한다."
3~4,국어,문학,,⋅독자 맥락 ,[4국05-03],작품을 듣거나 읽고 마음에 드는 작품을 소개한다.,작품을 듣거나 읽고 작품이 마음에 든 이유를 구체적으로 말하며 작품을 자세하게 소개할 수 있다.,작품을 듣거나 읽고 작품이 마음에 든 이유를 말하며 작품을 소개할 수 있다.,작품을 듣거나 읽고 작품에서 마음에 드는 부분을 일부 말한다.,
3~4,국어,문학,,"⋅독자 맥락 
⋅시",[4국05-04],"감각적 표현에 유의하여 작품을 감상하고, 감각적 표현을 활용하여 자신의 생각이나 감정을 표현한다.","감각적 표현의 특성과 효과를 파악하며 작품을 감상하고, 감각적 표현을 적절하게 활용하여 자신의 생각이나 감정을 적극적으로 표현할 수 있다.","감각적 표현의 특성을 파악하며 작품을 감상하고, 감각적 표현을 활용하여 자신의 생각이나 감정을 표현할 수 있다.","감각적 표현의 특성을 부분적으로 파악하며 작품을 감상하고, 감각적 표현을 활용하여 자신의 생각이나 감정을 간단하게 표현한다.","이 성취기준은 문학 표현 방식의 효과와 기능을 이해하며 작품을 감상하고, 자신의 생각이나 느낌을 다양한 방법으로 나타내어 다른 이들과 나누게 하기 위해 설정하였다. 학습자로 하여금 감각적 표현을 통해 작품 속에 형상화된 대상을 생동감 있게 체험하면서 문학의 즐거움을 느끼게 하는 데 중점을 둔다. 또한 자신의 생각과 감정을 효과적으로 전달할 수 있는 감각적 표현을 활용하여 말을 하거나 글을 써 보고 감각적 표현을 사용하였을 때와 그렇지 않을 때의 차이를 비교하게 한다."
3~4,국어,문학,,⋅독자 맥락 ,[4국05-05],재미나 감동을 느끼며 작품을 즐겨 감상하는 태도를 지닌다.,재미나 감동을 느끼며 작품을 적극적으로 찾아 읽고 즐겨 감상하는 태도를 지닌다.,재미나 감동을 느끼며 작품을 읽고 즐기는 태도를 지닌다.,주어진 작품을 읽고 재미나 감동을 느끼는 태도를 지닌다.,
3~4,국어,매체,"⋅매체는 소통을 매개하는 도구, 기술, 환경으로 당대 사회의 소통 방식과 소통 문화에 영향을 미친다.
⋅매체 이용자는 매체 자료의 주체적인 수용과 생산을 통해 정체성을 형성하고 사회적 의미 구성 과정에 관여한다.
⋅매체 이용자는 매체 및 매체 소통의 영향력에 대한 이해와 자신과 타인의 권리를 지키기 위한 적극적인 노력을 통해 건강한 소통 공동체를 형성한다. ","⋅상황 맥락 
⋅인터넷의 학습 자료",[4국06-01],인터넷에서 학습에 필요한 다양한 자료를 탐색하고 목적에 맞게 자료를 선택한다.,학습 상황에 필요한 다양한 자료를 인터넷에서 효과적으로 탐색하고 목적에 적합한 자료를 선택하여 활용할 수 있다.,학습 상황에 필요한 다양한 자료를 인터넷에서 탐색하고 목적에 적합한 자료를 선택할 수 있다.,학습에 필요한 자료를 인터넷에서 탐색한다.,"이 성취기준은 다양한 교과 학습 맥락에서 인터넷에 접속하여 다양한 자료에 효과적으로 접근하고 유용한 정보를 선택하여 목적에 맞게 활용할 때 필요한 기초 능력을 기르기 위해 설정하였다. 교사의 안내에 따라 디지털 매체를 통해 지정된 인터넷 공간에 접속하기, 다양한 자료 훑어보기, 자료의 내용 파악하기, 유용한 자료 선택하기 등을 수행하고, 이를 통해 인터넷 접속 방법, 비선형적 자료의 탐색 방법, 목적에 맞는 정보 선택 방법 등을 체계적으로 학습한다."
3~4,국어,매체,,"⋅상황 맥락 
⋅인터넷의 학습 자료",[4국06-02],매체를 활용하여 간단한 발표 자료를 만든다.,다양한 매체를 활용하여 간단한 발표 자료를 짜임새 있게 만들 수 있다.,매체를 활용하여 간단한 발표 자료를 만들 수 있다.,매체를 활용하여 발표 자료의 일부를 만든다.,
3~4,국어,매체,,"⋅상황 맥락 
⋅인터넷의 학습 자료",[4국06-03],매체 소통 윤리를 고려하여 매체 자료를 활용하고 공유한다.,매체 소통 윤리를 이해하고 이를 지키며 매체 자료를 적극적으로 활용하고 공유할 수 있다.,기본적인 매체 소통 윤리를 이해하면서 매체 자료를 활용하고 공유할 수 있다.,매체 소통 윤리를 부분적으로 이해하면서 매체 자료를 일부 활용하거나 공유한다.,"이 성취기준은 매체 기반의 소통에서 지켜야 할 기본적인 윤리를 이해하고 이를 고려하며 매체 자료를 활용하거나 공유할 수 있는 능력을 기르기 위해 설정하였다. 다양한 매체 자료를 활용하거나 공유하는 과정에서 저작권과 초상권 침해, 개인 정보 유출 등의 문제가 발생할 수 있음을 이해한다. 다양한 사례를 통해 매체 이용자로서 소통 윤리를 지키려는 태도를 기르고, 매체 자료를 안전하고 올바르게 활용하고 공유할 수 있는 방법 등을 학습한다."
3~4,도덕,자신과의 관계,"⋅성실은 도덕적 가치와 덕목을 일관되게 추구하도록 하여 도덕적 삶으로 이끈다.
⋅자아에 대한 탐구와 성찰은 자신을 존중하는 마음을 기르는 도덕 공부의 기초이다.",,[4도01-01],자신의 감정을 소중히 여기며 존중하는 태도를 바탕으로 내가 누구인가를 탐구한다.,자신의 감정을 꾸준히 존중하는 태도를 바탕으로 내가 누구인가를 다각도로 탐구한다.,자신의 감정을 존중하는 태도를 바탕으로 내가 누구인가를 탐구한다.,자신의 감정에 관심을 가지고 내가 누구인가를 탐구하려고 노력한다.,
3~4,도덕,자신과의 관계,,,[4도01-02],정직의 의미를 알고 모범적인 사례를 탐색하여 바르게 행동하려는 태도를 기른다.,정직의 의미를 포괄적으로 이해하고 다양한 모범 사례를 탐색하여 생활 전반에서 바르게 행동하려는 태도를 기른다.,정직의 의미를 이해하고 모범 사례를 탐색하여 바르게 행동하려는 태도를 기른다.,정직의 의미를 단편적으로 이해하고 모범 사례 탐색에 관심을 가지며 바르게 행동하려는 태도를 기르고자 노력한다.,
3~4,도덕,자신과의 관계,,,[4도01-03],성실한 생활의 모범 사례를 탐색하고 시간 관리를 위한 생활을 계획하여 지속적인 자기 성장을 모색한다.,성실한 생활의 다양한 모범 사례를 탐색하고 생활 전반에 걸쳐 시간 관리를 위한 생활 계획을 세우며 지속적인 자기 성장을 모색한다.,성실한 생활의 모범 사례를 탐색하고 시간 관리를 위한 생활 계획을 세우며 자기 성장을 모색한다.,성실한 생활의 모범 사례를 인식하고 시간 관리를 위한 생활 계획을 세우려 노력하며 자기 성장에 관심을 가진다.,
3~4,도덕,자신과의 관계,,,[4도01-04],다른 사람의 관점을 수용할 수 있는지를 도덕적으로 검토하고 도덕규범을 내면화하여 도덕적으로 행동할 수 있는 자세를 기른다.,다른 사람의 관점을 수용할 수 있는지를 도덕적으로 검토하며 생활 전반에서 도덕규범을 내면화하여 도덕적으로 행동할 수 있는 자세를 가진다.,다른 사람의 관점을 수용할 수 있는지를 도덕적으로 검토하며 도덕규범을 내면화하여 도덕적으로 행동할 수 있는 자세를 가진다.,다른 사람의 관점을 수용할 수 있는지를 검토하려고 노력하며 도덕규범에 관심을 가지고 도덕적으로 행동하려고 노력한다.,
3~4,도덕,타인과의 관계,"⋅배려는 타인에 대한 관심과 공감을 기반으로 타인의 삶을 개선한다.
⋅차이의 존중은 갈등을 평화적으로 해결하고 타인과 더불어 사는 삶으로 이끈다.",,[4도02-01],"효, 우애의 의미와 필요성을 명료하게 이해하고 가족의 행복을 위해 할 수 있는 일을 탐색하여 실천 계획을 세운다.","효, 우애의 의미와 필요성에 대해 명료하게 이해하고 가족의 행복을 위해 자신이 할 수 있는 다양한 일을 탐색하여 실천 계획을 세운다.","효, 우애의 의미와 필요성에 대해 이해하고 가족의 행복을 위해 자신이 할 수 있는 일을 탐색하여 실천 계획을 세운다.","효, 우애의 의미와 필요성에 대해 대략적으로 이해하고 가족의 행복을 위해 자신이 할 수 있는 일을 탐색하여 실천 계획을 세우는 것에 관심을 가진다.",
3~4,도덕,타인과의 관계,,,[4도02-02],친구 사이의 배려에 대한 올바른 이해를 바탕으로 일상생활에서 배려에 기반한 도덕적 관계를 맺을 수 있는 방안을 탐색한다.,친구 사이의 배려에 대한 올바른 이해를 바탕으로 일상생활에서 배려에 기반한 도덕적 관계를 맺을 수 있는 방안을 다각도로 탐색한다.,친구 사이의 배려에 대한 올바른 이해를 바탕으로 일상생활에서 배려에 기반한 도덕적 관계를 맺을 수 있는 방안을 탐색한다.,친구 사이의 배려에 대한 이해를 바탕으로 배려에 기반한 도덕적 관계를 맺을 수 있는 방안에 관심을 가진다.,
3~4,도덕,타인과의 관계,,,[4도02-03],공감의 태도가 필요한 이유를 이해하고 도덕적 상상력을 바탕으로 대상과 상황에 따라 감정을 나누는 방법을 탐구하여 실천한다.,타인 공감의 태도가 필요한 이유를 포괄적으로 이해하고 도덕적 상상력을 바탕으로 대상과 상황에 따라 감정 나누는 방법을 다각도로 탐구하여 생활 전반에서 실천한다.,타인 공감의 태도가 필요한 이유를 이해하고 도덕적 상상력을 바탕으로 대상과 상황에 따라 감정 나누는 방법을 탐구하여 실천한다.,타인 공감의 태도가 필요한 이유를 단편적으로 이해하고 도덕적 상상력을 바탕으로 대상과 상황에 따라 감정 나누는 방법에 관심을 가지고 실천하려고 노력한다.,
3~4,도덕,사회⋅공동체와의 관계,"⋅사회 정의는 시민의 인간다운 삶을 보장하는 도덕공동체의 토대가 된다.
⋅세계시민은 인류의 문제를 이해하고 공감하여 인류 번영과 세계 평화에 기여한다.",,[4도03-01],"불공정의 사례를 탐구하고, 일상생활에서 공정의 가치를 추구하는 활동을 통해 실천 의지를 함양한다.",불공정의 사례를 다각도로 탐구하고 일상생활에서 공정의 가치를 추구하는 활동을 통해 적극적인 실천 의지를 가진다.,불공정의 사례를 탐구하고 일상생활에서 공정의 가치를 추구하는 활동을 통해 실천 의지를 가진다.,불공정의 사례를 인식하고 일상생활에서 공정의 가치를 추구하는 활동에 관심을 가진다.,이 성취기준의 취지는 학생이 자신의 삶에서 공정이라는 가치에 관해 성찰하는 기회를 갖도록 하여 공정한 사회로 발전해가는 토대를 마련하려는 것이다. 학생이 공정과 불공정의 사례를 스스로 탐구하고 일상에서 공정을 실제로 추구하는 활동을 실천함으로써 공정의 가치를 생활화할 수 있도록 한다.
3~4,도덕,사회⋅공동체와의 관계,,,[4도03-02],"디지털 사회에서 발생하는 다양한 문제를 살펴보고, 해결 방안을 탐구하여 정보통신 윤리에 대한 민감성을 기른다.",디지털 사회에서 발생하는 다양한 문제를 살펴보고 해결 방안을 다각도로 탐구하여 정보통신 윤리에 대한 민감성을 가진다.,디지털 사회에서 발생하는 문제를 살펴보고 해결 방안을 탐구하여 정보통신 윤리에 대한 민감성을 가진다.,디지털 사회에서 발생하는 문제를 살펴보고 해결 방안에 관심을 가지며 정보통신 윤리에 대한 민감성을 기르고자 노력한다.,
3~4,도덕,사회⋅공동체와의 관계,,,[4도03-03],"통일의 필요성을 이해하고, 통일 감수성을 길러 바람직한 통일의 방향을 모색한다.",통일의 필요성에 대해 전반적으로 이해하고 통일 감수성을 길러 바람직한 통일의 방향을 다각도로 모색한다.,통일의 필요성에 대해 이해하고 통일 감수성을 길러 바람직한 통일의 방향을 모색한다.,통일의 필요성에 대해 부분적으로 이해하고 통일 감수성을 기르고자 노력하여 바람직한 통일의 방향에 관심을 가진다.,
3~4,도덕,자연과의 관계,"⋅자연에 대한 윤리적 책임은 자연의 본래 가치에 관한 이해를 높여 생태전환을 이끈다.
⋅자연을 아끼고 생명을 소중히 여기는 마음은 환경 위기의 극복을 돕는다.",,[4도04-01],생명 경시 사례를 조사하고 문제 해결 방법을 탐구함으로써 생명의 소중함을 이해한다.,다양한 생명 경시 사례를 조사하고 문제 해결 방법을 다각도로 탐구함으로써 생명의 소중함을 포괄적으로 이해한다.,생명 경시 사례를 조사하고 문제 해결 방법을 탐구함으로써 생명의 소중함을 이해한다.,생명 경시 사례에 관심을 가짐으로써 생명의 소중함을 단편적으로 이해한다.,
3~4,도덕,자연과의 관계,,,[4도04-02],인간과 자연이 함께 살아야 하는 이유를 이해하고 공생을 위한 구체적인 실천 계획을 세우며 생태 감수성을 기른다.,인간과 자연이 함께 살아야 하는 이유를 포괄적으로 이해하고 자연과의 공생을 위한 구체적인 실천 계획을 다양하게 수립하며 생태 감수성을 기른다.,인간과 자연이 함께 살아야 하는 이유를 이해하고 자연과의 공생을 위한 구체적인 실천 계획을 세우며 생태 감수성을 기른다.,인간과 자연이 함께 살아야 하는 이유를 단편적으로 이해하고 자연과의 공생을 위한 실천 계획을 세우는 것에 관심을 가지며 생태 감수성을 기르고자 노력한다.,"이 성취기준의 취지는 학생이 일상에서 자연스럽게 생태 감수성과 생태전환적 사고에 따라 실천하도록 하기 위한 것이다. 생태전환과 관련된 도덕적 쟁점을 마주할 때 단순히 생태 체험에만 그치지 않고, 인간중심 사고에서 벗어나 자연과의 공존을 위한 생각과 행동의 변화까지 모색한다."
3~4,사회,지리 인식,"⋅지표상에 분포하는 모든 사건과 현상은 절대적, 상대적 위치와 다양한 규모의 영역을 차지한다.
⋅장소는 다른 장소와 차별되는 자연적⋅인문적 성격을 지니며, 특정 장소에 따른 장소감은 개인이나 집단에 따라 다양하다.
⋅지표 세계는 장소적 성격의 동질성, 기능적 상호 관련성, 지역민의 인지 등의 측면에서 다양하게 구분되며, 이렇게 구분된 지역은 고유한 지역성이 나타난다. 
⋅지도를 비롯한 다양한 공간자료와 도구를 통한 지리 정보 수집은 장소와 지역의 여러 현상과 사건을 분석하고 해석하며 추론하는 데 필수적이다.","⋅장소 경험과 장소감
⋅생활 주변의 주요 장소
⋅우리 지역의 지리 정보",[4사01-01],"주변 여러 장소에서의 경험과 느낌을 다양한 방식으로 표현하고, 장소감을 나누며 서로 존중하는 태도를 지닌다.","주변 여러 장소에서의 경험과 느낌을 다양한 방식으로 표현하며 주변 장소에 관심을 가지고, 다른 사람과 장소감을 비교하며 서로 다른 장소감을 존중하는 태도를 가진다.","주변 여러 장소에서의 경험과 느낌을 다양한 방식으로 표현하고, 다른 사람의 장소감을 관찰하며 서로 다른 장소감을 존중하는 태도를 가진다.","주변 여러 장소에서의 경험과 느낌을 표현하고, 다른 사람의 장소감을 관찰하며 서로 다른 장소감의 차이를 발견할 수 있다.","[4사01-01]은 학생들의 생활이 이루어지는 주변 여러 장소에서의 경험과 느낌을 글, 그림, 심상지도 등의 다양한 방식으로 표현하고, 이를 통해 사람마다 장소감의 차이가 나타날 수 있음을 이해하도록 설정한 것이다. 장소감이란 장소에 대한 인지, 감정, 태도, 행동을 포괄하는 것으로 개인이나 집단이 장소에 부여하는 의미나 관심을 뜻한다. 장소 경험을 공유하는 과정에서 장소감의 차이를 이해하고 서로 존중하며, 주변의 장소를 알아가면서 이에 대한 관심을 심화시키는 데 초점을 맞춘다."
3~4,사회,지리 인식,,,[4사01-02],"주변의 여러 장소를 살펴보고, 우리가 사는 곳을 더 살기 좋은 곳으로 만드는 방안을 탐색한다.","주변 여러 장소를 조사하여 좋은 점과 불편한 점을 구분하고, 살기 좋은 곳의 조건을 분석하여 우리가 사는 곳을 더 살기 좋은 곳으로 만드는 방법을 제안할 수 있다.","주변의 여러 장소를 조사하여 좋은 점과 불편한 점을 구분하고, 우리가 사는 곳을 더 살기 좋은 곳으로 만드는 방법을 제시할 수 있다.","주변의 여러 장소를 조사하여, 좋은 점과 불편한 점을 나열할 수 있다.","[4사01-02]는 학생들이 생활하는 데 편익을 제공하는 주요 장소 및 시설이나 기관을 살펴보고, 우리가 사는 곳을 더 살기 좋은 곳으로 만드는 방안을 찾아보도록 설정한 것이다. 특히, 우리가 사는 곳의 놀이⋅여가, 안전, 교육⋅문화, 건강⋅의료 등과 관련 있는 장소를 조사하여 좋은 점, 불편한 점 등을 확인하고, 학생들의 관점에서 살기 좋은 곳의 조건을 생각하면서 우리가 사는 곳에 관심을 가지도록 하는 데 중점을 둔다."
3~4,사회,역사 일반,"⋅시대에 따라 지역, 교통⋅통신, 풍습 등 생활 모습이 달라진다.
⋅과거의 모습을 보여주는 자료는 역사의 증거로 활용된다. 
⋅일상생활 속 과거에 관심을 가짐으로써 자신을 역사적 존재로 인식한다. ","⋅역사의 시간 개념
⋅역사 증거
⋅변화와 지속(지역, 교통⋅ 통신, 풍습)",[4사02-01],"일상 속에서 시간의 흐름을 경험할 수 있는 사례를 살펴보고, 이를 바탕으로 역사의 시간 개념을 이해한다.",일상 속에서 시간의 흐름을 경험할 수 있는 사례를 분석하여 역사의 시간 개념을 탐구하고 시간의 흐름 속에서 자신의 위치를 확인할 수 있다.,일상 속에서 시간의 흐름을 경험할 수 있는 사례를 찾아보고 이를 바탕으로 역사의 시간 개념을 설명할 수 있다.,일상 속에서 시간의 흐름을 경험할 수 있는 사례를 찾을 수 있다.,"[4사02-01]은 가정, 학교 등 학생 주변의 사례를 활용하여 역사의 시간 개념을 이해하도록 설정한 것이다. 역사에서 자주 사용하는 시간 표현 용어, 시간의 흐름 속에서 어떤 사건의 시간상 위치를 파악하는 등 역사의 시간 개념을 이해한다."
3~4,사회,역사 일반,,,[4사02-02],"오래된 물건이나 자료들을 주변에서 찾아보고, 이를 통해 과거의 모습을 살펴볼 수 있음을 이해한다.","주변에서 오래된 물건이나 자료들을 찾아보며 과거의 모습을 탐색하고, 역사가 증거를 바탕으로 구성된다는 것을 추정할 수 있다.","주변에서 오래된 물건이나 자료들을 찾아보고, 이들이 과거의 모습을 알려주는 증거임을 짐작하여 설명할 수 있다.",주변에서 과거의 모습을 살펴볼 수 있는 오래된 물건이나 자료들을 찾을 수 있다.,"[4사02-02]는 주변의 오래된 물건이나 자료 등이 과거 모습을 알려주는 증거 역할을 한다는 것을 이해하도록 설정한 것이다. 학생의 애장품을 비롯해 생활 주변에서 볼 수 있는 오래된 물건이나 자료(신문 기사, 편지, 일기, 노래 가사, 사진 등), 주변 사람들의 증언 등을 활용한다."
3~4,사회,역사 일반,,,[4사02-03],지역의 변화상을 보여주는 역사 자료를 분석하여 지역 사람들의 달라진 생활 모습을 파악한다.,지역의 변화상을 보여주는 다양한 역사 자료를 선정하고 분석하여 지역 사람들의 달라진 생활 모습을 유추할 수 있다.,지역의 변화상을 보여주는 역사 자료를 조사하여 지역 사람들의 달라진 생활 모습을 비교할 수 있다.,지역의 변화상을 보여주는 역사 자료를 통해 지역 사람들의 달라진 생활 모습을 찾을 수 있다.,"[4사02-03]은 지역 사람들의 달라진 생활 모습을 탐구하며 역사의 변화와 지속을 이해하도록 설정한 것이다. 지역의 유래와 관련된 이야기, 지역의 변화를 알려주는 사진이나 영상 등 역사 자료를 활용하여 (변형되어, 혹은 그대로) 이어져 내려온 것, 사라진 것을 찾아 지역 사람들의 생활이 어떻게 달라졌는지 살펴본다."
3~4,사회,사회⋅문화,"⋅인간은 사회 속에서 성장하면서 사회적 지위를 가지고 역할을 수행하며, 다양한 갈등과 차별을 인식한다.
⋅우리는 일상생활에서 여러 문화를 접하고 있으며, 이로 인해 다양한 문화를 이해하고 존중하는 태도가 필요하다.
⋅우리 사회는 급격한 사회 변동과 다양한 사회문제를 경험하고 있으며, 이에 대응하기 위해서는 시민의 역할이 중요하다.","⋅사회 변화의 양상과 특징
⋅생활 모습의 변화",[4사03-01],"최근 사회 변화의 양상과 특징을 파악하고, 그로 인해 나타난 생활모습의 변화를 탐색한다.","사례를 통해 최근 사회 변화의 양상과 특징을 도출하고, 그로 인해 변화한 생활모습을 분석할 수 있다.","최근 사회 변화의 양상과 특징을 분석하고, 그로 인해 변화한 생활모습을 설명할 수 있다.",최근 사회 변화의 양상과 특징을 생활모습의 변화와 관련지어 나열할 수 있다.,"[4사03-01]은 사례를 통해 저출산, 고령화, 지능정보화 등 최근 사회 변화가 가져온 현상과 특징을 파악하고, 그로 인해 우리의 생활 모습이 어떻게 변화되는지 분석하도록 설정한 것이다. 이를 통하여 사회 변화에 대응할 수 있는 역량을 기르는 데 초점을 맞추도록 한다. "
3~4,사회,사회⋅문화,,"⋅다양한 문화의 확산 효과와 문제
⋅문화 다양성",[4사03-02],"우리 사회에 다양한 문화가 확산되면서 나타나는 긍정적 효과와 문제를 분석하고, 나와 다른 사람이나 집단의 문화를 존중하는 태도를 기른다.","다양한 자료를 통해 우리 사회에 다양한 문화가 확산되면서 나타나는 긍정적 효과와 문제를 도출하고, 나와 다른 사람이나 집단의 문화를 존중할 수 있다.","우리 사회에 다양한 문화가 확산되면서 나타나는 긍정적 효과와 문제를 분석하고, 나와 다른 사람이나 집단의 문화를 존중하는 태도를 가진다.","우리 사회에 다양한 문화가 확산되면서 나타나는 긍정적 효과와 문제를 나열하고, 나와 다른 사람의 문화를 존중해야 함을 안다.","[4사03-02]는 외국인 이주민의 증가, 1인 가구와 비혼, 반려동물 양육 등 다양한 문화가 확산⋅공유되면서 나타나는 긍정적 효과와 사회문제를 사례 또는 통계 자료를 통해 파악하도록 설정한 것이다. 이를 바탕으로 나와 다른 사람들의 삶의 방식이나 문화를 존중하는 태도를 함양하는 데 초점을 맞춘다."
3~4,사회,역사 일반,"⋅시대에 따라 지역, 교통⋅통신, 풍습 등 생활 모습이 달라진다.
⋅과거의 모습을 보여주는 자료는 역사의 증거로 활용된다. 
⋅일상생활 속 과거에 관심을 가짐으로써 자신을 역사적 존재로 인식한다. ","⋅역사의 시간 개념
⋅역사 증거
⋅변화와 지속(지역, 교통⋅ 통신, 풍습)",[4사04-01],"옛날 풍습에 대해 알아보고, 오늘날과 비교하여 변화상을 파악한다.","옛날 풍습을 조사하고, 오늘날과 비교하여 변화상을 분석할 수 있다.","옛날 풍습을 살펴보고, 오늘날과 비교하여 변화상을 제시할 수 있다.","옛날 풍습의 종류를 설명하고, 오늘날의 풍습과 비교할 수 있다.","[4사04-01]은 옛날의 다양한 풍습을 살펴보며 당시 사람들의 생활을 이해하고, 오늘날과 비교하여 변화상을 파악하도록 설정한 것이다. 놀이, 세시 풍속 등 여러 풍습을 통해 변화상을 알아보고 풍습 속에 담긴 옛날 사람들의 생활과 생각을 이해한다."
3~4,사회,역사 일반,,,[4사04-02],옛날부터 오늘날까지 교통의 변화에 따른 이동과 생활 모습의 변화를 이해한다.,옛날부터 오늘날까지 교통의 변화에 따른 이동과 생활 모습의 변화를 일상생활의 경험과 관련지어 탐구할 수 있다.,옛날부터 오늘날까지 교통의 변화에 따른 이동과 생활 모습의 변화를 설명할 수 있다.,옛날부터 오늘날까지 교통의 변화에 따라 이동 수단이 달라졌음을 말할 수 있다.,[4사04-02]는 교통로 및 교통수단의 변화와 달라진 사람들의 생활 모습과의 관계를 이해하도록 설정한 것이다. 시대에 따른 교통의 변화가 사람과 물자의 이동 및 생활 전반에 어떤 변화를 일으켰는지 살펴본다. 그리고 교통 발달에 따른 생활공간의 확대를 고려하여 변화를 설명한다.
3~4,사회,역사 일반,,,[4사04-03],옛날부터 오늘날까지 통신수단의 변화에 따른 정보 교류와 의사소통 방식의 변화를 설명한다.,옛날부터 오늘날까지 통신수단의 변화에 따른 정보 교류와 의사소통 방식의 변화를 일상생활의 경험과 관련지어 탐구할 수 있다.,옛날부터 오늘날까지 통신수단의 변화에 따른 정보 교류와 의사소통 방식의 변화를 설명할 수 있다.,옛날부터 오늘날까지 통신수단의 변화에 따라 정보 교류와 의사소통 방식이 달라졌음을 짐작하여 말할 수 있다.,[4사04-03]은 시대에 따른 통신수단의 변화 과정을 파악하고 이를 통해 달라진 사람들의 생활 모습을 파악하도록 설정한 것이다. 정보 교류와 의사소통 방식의 변화를 파악하여 통신 발달에 따른 공간적 변화를 탐색한다.
3~4,사회,지리 인식,"⋅지표상에 분포하는 모든 사건과 현상은 절대적, 상대적 위치와 다양한 규모의 영역을 차지한다.
⋅장소는 다른 장소와 차별되는 자연적⋅인문적 성격을 지니며, 특정 장소에 따른 장소감은 개인이나 집단에 따라 다양하다.
⋅지표 세계는 장소적 성격의 동질성, 기능적 상호 관련성, 지역민의 인지 등의 측면에서 다양하게 구분되며, 이렇게 구분된 지역은 고유한 지역성이 나타난다. 
⋅지도를 비롯한 다양한 공간자료와 도구를 통한 지리 정보 수집은 장소와 지역의 여러 현상과 사건을 분석하고 해석하며 추론하는 데 필수적이다.","⋅지도의 종류와 쓰임
⋅(디지털)지도와 공간자료
⋅지도의 요소",[4사05-01],"우리 지역을 표현한 다양한 종류의 지도를 찾아보고, 지도의 요소를 이해한다.","우리 지역을 표현한 다양한 지도의 종류와 기능을 분석하고 지도에 나타난 요소의 의미와 쓰임을 설명하며, 실생활에서 지도를 활용할 수 있다.","우리 지역을 표현한 다양한 종류의 지도를 조사하고, 지도에 나타난 요소가 의미하는 바를 설명할 수 있다.","우리 지역을 표현한 다양한 종류의 지도를 보고, 지도의 요소를 구별할 수 있다.","[4사05-01]은 우리 지역을 표현한 다양한 종류의 지도를 탐색하고, 우리 지역의 지도를 활용하여 방위, 기호와 범례, 축척, 높낮이 표현 방식 등 지도 제작에 필요한 요소를 파악하도록 설정한 것이다. 여기서는 지도의 요소를 이해하여 일상생활에서 지도를 활용하는 데 초점을 맞춘다."
3~4,사회,지리 인식,,"⋅우리 지역의 위치
⋅우리나라 행정구역",[4사05-02],"지도에서 우리 지역의 위치를 파악하고, 우리 지역의 지리 정보를 탐색한다.","지도를 통해 우리 지역의 위치 특성을 분석하고, 우리 지역의 지리 정보를 조사하여 우리 지역의 특징을 다른 지역과 비교하여 설명할 수 있다.","지도에서 우리 지역의 위치를 확인하고, 우리 지역의 지리 정보를 조사하여 우리 지역의 특징을 설명할 수 있다.","지도에서 우리 지역의 위치를 찾고, 우리 지역의 지리 정보를 조사할 수 있다.","[4사05-02]는 행정구역을 나타낸 지도에서 지역의 위치를 파악하고, 지역의 지리 정보를 바탕으로 지역의 특징을 탐구하도록 설정한 것이다. 우리나라 지도에서 시⋅도 단위의 행정구역을 파악하면서 우리 지역(시⋅군⋅구)의 위치를 확인하고, 지역의 지리 정보(위치, 면적, 인구, 지형, 기온, 강수량 등)를 다른 지역과 비교하여 지역이 지닌 특징을 이해하는 데 초점을 맞춘다."
3~4,사회,지역사,"⋅문화유산은 과거와 현재를 이어주는 자료이다. 
⋅지역의 박물관, 기념관, 유적지는 지역의 정체성을 보여준다. 
⋅지역의 역사적 문제는 역사 자료를 분석⋅해석⋅평가하여 해결한다.","⋅지역의 문화유산 알아보기 
⋅지역의 역사 이해하기
⋅지역의 역사적 문제 파악 하기",[4사06-01],"지역의 문화유산을 통해 문화유산의 의미와 유형을 알아보고, 문화유산의 가치를 탐색한다.","지역의 문화유산을 통해 문화유산의 의미, 유형, 가치를 탐구하고, 문화유산의 가치를 탐색하여 문화유산을 보존하려는 태도를 가진다.","지역의 문화유산을 통해 문화유산의 의미와 유형을 설명하고, 문화유산의 가치를 찾아 문화유산을 지키려는 태도를 가진다.","지역의 문화유산을 통해 문화유산의 의미와 유형을 탐색하고, 문화유산에 관심을 가진다.","[4사06-01]은 문화유산에 관한 기본 지식 및 가치를 지역의 문화유산을 통해 이해하도록 설정한 것이다. 지역 문화유산을 통해 문화유산의 의미와 유형을 알아보고, 이를 토대로 옛날 사람들의 생활 모습을 추론하며 과거와 현재를 이어주는 귀중한 자료로서 문화유산의 가치를 파악한다."
3~4,사회,지역사,,"⋅지역의 문화유산 알아보기 
⋅지역의 역사 이해하기
⋅지역의 역사적 문제 파악 하기",[4사06-02],"지역의 박물관, 기념관, 유적지 등을 체험하고 지역의 역사를 이해한다.","지역의 박물관, 기념관, 유적지 등을 체험하며 다양한 역사적 사실을 탐구하고 지역의 역사를 지키려는 태도를 가진다.","지역의 박물관, 기념관, 유적지 등을 체험하며 알게 된 역사적 사실을 설명하고 지역의 역사에 지속적으로 관심을 가진다.","지역의 박물관, 기념관, 유적지 등을 살펴보며 지역의 역사에 관심을 가진다.","[4사06-02]는 지역에 있는 박물관, 기념관, 유적지 등을 방문하여 지역의 역사를 이해하기 위해 설정한 것이다. 박물관, 기념관, 유적지 등을 온오프라인으로 방문하여 학생이 주도적으로 지역의 역사에 관한 지식을 습득하고 해석하며 표현한다. 그리고 지역의 역사를 보존하고 실천하는 태도를 기른다."
3~4,사회,경제,"⋅가계와 기업은 합리적 선택을 통해 소비와 금융, 생산 등의 경제활동에 참여하면서 각자의 역할을 수행한다.
⋅시장에서 가격은 수요와 공급을 통해 결정되고 다양한 요인으로 인해 변동한다.
⋅우리나라 경제에서는 경제 성장, 물가 변동, 실업 등의 현상이 나타나며, 세계화 과정에서 다른 나라와의 교역이 활발해지고 있다.","⋅자원의 희소성
⋅경제활동
⋅합리적 선택
⋅생산과 소비 활동",[4사07-01],"자원의 희소성으로 인해 경제활동에서 선택의 문제가 발생함을 이해하고, 경제활동에서 합리적 선택의 방법을 탐색한다.","자원의 희소성으로 인해 경제활동에서 선택의 문제가 발생하는 사례를 조사하고, 경제활동에서 합리적 선택의 방법을 실천할 수 있다.","자원의 희소성으로 인해 경제활동에서 선택의 문제가 발생함을 설명하고, 경제활동에서 합리적 선택의 방법을 탐색할 수 있다.",자원의 희소성으로 인해 경제활동에서 선택의 문제가 발생함을 말할 수 있다.,"[4사07-01]은 자원의 희소성 개념을 이해하고, 이를 바탕으로 경제활동에서 합리적 선택의 방법을 파악하도록 설정한 것이다. 여기서는 경제활동에서 선택의 문제가 발생하는 이유와 합리적 선택의 중요성을 이해하는 데 초점을 맞춘다."
3~4,사회,경제,,"⋅지역 간 교류
⋅상호의존 관계",[4사07-02],"생산과 소비 활동을 파악하고, 인적⋅물적 교류의 사례를 통해 각 지역 및 사람들이 상호의존 관계를 맺고 있음을 탐색한다.","사례를 통해 생산과 소비 활동을 분석하고, 여러 인적ㆍ물적 교류의 사례를 조사하여 각 지역 및 사람들이 상호 의존 관계를 맺고 있음을 도출할 수 있다.","사례를 통해 생산과 소비 활동을 구분하고, 인적ㆍ물적 교류의 사례를 통해 각 지역 및 사람들이 상호 의존 관계에 있음을 설명할 수 있다.","생산과 소비 활동을 구분하고, 인적ㆍ물적 교류의 사례를 조사할 수 있다.","[4사07-02]는 생산과 소비의 개념을 이해하고, 한 지역의 생산과 소비 활동이 다른 지역과 상호의존 관계에 있음을 이해하도록 설정한 것이다. 여기서는 지역에서 이루어지는 생산과 소비 활동의 사례를 통하여 한 지역의 경제활동이 다른 지역과 상호 의존 관계에 있다는 사실을 파악하는 데 초점을 맞춘다."
3~4,사회,정치,"⋅민주주의의 이념과 원리를 실현하기 위해서는 제도와 의식의 개선이 필요하다.
⋅다양한 정치 주체가 정치과정에 참여하며, 민주주의는 여러 제도와 시민 참여를 통해 실현된다.
⋅국제 사회에는 여러 행위 주체가 활동하며, 우리나라를 비롯한 국제 사회의 행위 주체는 다양한 국제 문제 해결을 위해 노력한다.","⋅민주주의의 의미
⋅학교 자치 사례
⋅주민 자치 사례",[4사08-01],"학교 자치 사례를 통하여 민주주의의 의미를 이해하고, 학교생활에서 민주주의를 실천하는 능력을 기른다.","학교 자치 활동의 사례를 조사하여 민주주의의 의미를 도출하고, 학교생활에서 민주주의를 실천하는 데 참여할 수 있다.","학교 자치 활동의 사례를 통하여 민주주의의 의미를 설명하고, 학교생활에서 민주주의를 실천하는 데 관심을 가진다.","학교 자치 활동의 사례를 통하여 민주주의의 의미를 제시하고, 학교생활에서 민주주의를 실천하고자 노력한다.","[4사08-01]은 학교 자치 사례를 통해 민주주의의 의미를 이해하고, 이를 바탕으로 학교생활에서 학교 자치를 실천할 수 있도록 설정한 것이다. 여기서는 학생이 학교 자치를 통해 민주주의를 실천하고 참여할 수 있는 능력을 기르는 데 초점을 맞춘다."
3~4,사회,정치,,"⋅민주주의의 실천
⋅주민 참여와 지역사회 문제 해결",[4사08-02],"지역에서 이루어지는 민주주의 사례를 통해 주민 자치와 주민 참여의 중요성을 파악하고, 지역사회의 문제 해결에 참여하는 태도를 기른다.","지역에서 이루어지는 민주주의의 사례를 통해 주민 자치와 주민 참여의 중요성을 설명하고, 지역사회에서 발생하는 문제를 조사하고 해결하기 위해 노력한다.","지역에서 이루어지는 민주주의의 사례를 통해 주민 자치와 주민 참여의 중요성을 파악하고, 지역사회에서 발생하는 문제와 이에 대한 해결에 관심을 가진다.","지역에서 이루어지는 민주주의의 사례를 통해 주민 자치와 주민 참여의 중요성을 파악하고, 지역사회에서 발생하는 문제에 주의를 기울인다.",[4사08-02]는 민주주의의 의미에 기초하여 마을이나 지역에서 이루어지는 주민 자치와 참여의 중요성을 파악하도록 설정한 것이다. 여기서는 마을이나 지역사회에서 이루어지는 민주주의의 사례를 통해 주민 자치와 주민 참여의 중요성을 이해하고 지역사회의 문제 해결에 관심을 갖고 참여하는 태도를 기르는 것에 초점을 맞춘다.
3~4,사회,정치,,"⋅민주주의의 실천
⋅주민 참여와 지역사회 문제 해결",[4사09-01],"생활 주변에서 찾을 수 있는 여러 가지 문제를 파악하고, 그 문제를 합리적으로 해결하는 능력을 기른다.","생활 주변에서 찾을 수 있는 지역의 여러 가지 문제를 조사하고, 그 문제를 합리적으로 해결하는 방안을 근거를 들어 제안할 수 있다.","생활 주변에서 찾을 수 있는 지역의 여러 가지 문제를 파악하고, 그 문제를 합리적으로 해결하기 위한 방안을 탐색할 수 있다.",생활 주변에서 찾을 수 있는 여러 가지 문제를 제시하고 문제 해결에 관심을 가진다.,"[4사09-01]은 각 지역에서 발생하는 문제를 민주적 방식으로 해결하는 과정과 방법을 습득하도록 설정한 것이다. 지리적 문제, 환경 문제, 사회적 문제, 역사적 문제 등 다양한 문제를 찾아서 토론을 통해 합리적으로 해결하는 방법과 능력을 배우는 데 초점을 맞춘다."
3~4,사회,지리 인식,"⋅지표상에 분포하는 모든 사건과 현상은 절대적, 상대적 위치와 다양한 규모의 영역을 차지한다.
⋅장소는 다른 장소와 차별되는 자연적⋅인문적 성격을 지니며, 특정 장소에 따른 장소감은 개인이나 집단에 따라 다양하다.
⋅지표 세계는 장소적 성격의 동질성, 기능적 상호 관련성, 지역민의 인지 등의 측면에서 다양하게 구분되며, 이렇게 구분된 지역은 고유한 지역성이 나타난다. 
⋅지도를 비롯한 다양한 공간자료와 도구를 통한 지리 정보 수집은 장소와 지역의 여러 현상과 사건을 분석하고 해석하며 추론하는 데 필수적이다.",,[4사09-02],"지역의 자연환경, 역사, 문화, 생산물 등을 알리려는 지역사회의 노력을 알고 관심을 갖는다.","지역의 자연환경, 역사, 문화, 생산물 등을 알리려는 지역사회의 여러 활동을 조사하고, 지역사회의 노력에 다양한 방식으로 참여할 수 있다.","지역의 자연환경, 역사, 문화, 생산물 등을 알리려는 지역사회의 활동을 조사하고, 지역사회의 노력에 지속적으로 관심을 가진다.","지역의 자연환경, 역사, 문화, 생산물 등을 알리려는 지역사회의 활동을 탐색할 수 있다.","[4사09-02]는 지역의 자연환경, 역사, 문화, 생산물 등을 알리기 위한 여러 활동을 조사하면서 지역을 이해하도록 설정한 것이다. 여기서는 지역의 자연환경, 역사, 문화, 생산물 등을 살펴보고, 지역에 관심을 가지며, 지역사회에 참여하는 태도를 기르는 데 주안점을 둔다."
3~4,사회,자연환경과 인간생활,"⋅지표상에는 다양한 기후 특성이 나타나며, 기후 환경은 특정 지역의 생활양식에 중요하게 작용한다.
⋅우리나라와 세계 각지에 다양한 지형 경관이 나타나고, 해당 지역의 인문환경과 인간생활에 중요한 영향을 미친다.
⋅인간은 자연환경에 의존하고 적응하며, 자연환경을 변형시키기도 한다. ",,[4사10-01],"여러 지역의 자연환경과 인문환경의 특징을 살펴보고, 환경의 이용과 개발에 따른 변화를 탐구한다.","여러 지역의 자연환경과 인문환경을 분석하여 특징을 파악하고, 개발과 보전에 관한 균형 있는 관점을 바탕으로 환경의 이용과 개발에 따른 변화를 설명할 수 있다.","여러 지역의 자연환경과 인문환경을 조사하여 우리 지역과의 유사점과 차이점을 발견하고, 환경의 이용과 개발에 따른 변화를 설명할 수 있다.","여러 지역의 자연환경과 인문환경을 조사하여 다양한 환경의 모습을 확인하고, 환경의 이용과 개발에 따른 변화를 살펴볼 수 있다.","[4사10-01]은 우리 지역과 다른 자연환경 및 인문환경이 나타나는 곳을 살펴보고, 환경의 이용과 개발로 변화한 모습을 탐구하도록 설정한 것이다. 여기서는 다양한 환경 특성을 파악하고, 개발로 인해 나타난 긍정적, 부정적 변화 모습을 균형 잡힌 관점으로 파악하는 데 중점을 둔다."
3~4,사회,인문환경과 인간생활,"⋅자연적, 인문적 특성은 특정 지역의 인구 분포, 인구 구성, 인구 이동에 영향을 미친다.
⋅장소나 지역에 따라 다양한 문화가 형성되고, 문화는 여러 요인에 의해 변동된다.
⋅도시와 촌락은 입지, 기능, 공간 구조와 경관 등의 측면에서 다양한 유형이 존재하며, 여러 요인에 의해 변화한다.
⋅인간의 경제활동은 자원이나 산업구조 등 지역의 특성에 따라 다양한 모습으로 나타나며, 교통과 통신은 시⋅공간적 제약을 감소시키고 지역을 변화시킨다. ",,[4사10-02],"사례에서 도시의 인구, 교통, 산업 등의 특징을 탐구하고, 도시에서의 삶의 모습을 이해한다.","우리나라 여러 도시의 사례를 분석하여 도시의 인구, 교통, 산업 등의 특징을 도출하고, 도시 생활의 장점과 단점을 중심으로 도시에서의 삶의 모습을 설명할 수 있다.","우리나라 여러 도시의 인구, 교통, 산업의 특징을 조사하고, 도시 생활의 장점과 단점을 설명할 수 있다.","우리나라 여러 도시의 인구, 교통, 산업의 특징을 찾을 수 있고, 도시에서의 생활 모습을 말할 수 있다.","[4사10-02]는 우리나라 여러 도시의 특징을 탐구하면서 도시에서 나타나는 삶의 모습을 종합적으로 이해하도록 설정한 것이다. 사례에서 도시의 경관, 인구, 교통, 산업, 생활방식의 특징을 이해하고 도시 생활의 좋은 점과 문제들을 파악하는 데 중점을 둔다."
3~4,수학,수와 연산,"⋅사물의 양은 자연수, 분수, 소수 등으로 표현되며, 수는 자연수에서 정수, 유리수, 실수로 확장된다.
⋅사칙계산은 자연수에 대해 정의되며 정수, 유리수, 실수의 사칙계산으로 확장되고 이때 연산의 성질이 일관되게 성립한다. 
⋅수와 사칙계산은 수학 학습의 기본이 되며, 실생활 문제를 포함한 다양한 문제를 해결하는 데 유용하게 활용된다.",⋅다섯 자리 이상의 수,[4수01-01],"[4수01-01] 큰 수의 필요성을 인식하면서 10000 이상의 큰 수에 대한 자릿값과 위치적 기수법을 이해하고, 수를 읽고 쓸 수 있다.","실생활에서 큰 수의 필요성을 설명하고, 10000 이상의 수를 각 자리의 숫자가 나타내는 수들의 합으로 나타내며, 수를 읽고 쓸 수 있다.","실생활에서 큰 수의 필요성을 알고, 10000 이상의 수에서 각 자리의 숫자가 나타내는 수를 말하며, 수를 읽고 쓸 수 있다.","실생활에서 큰 수가 사용됨을 알고, 수 카드, 자릿값 카드 등을 이용하여 10000 이상의 수에서 각 자리의 숫자가 나타내는 수를 알고, 수를 읽고 쓸 수 있다.",
3~4,수학,수와 연산,,⋅다섯 자리 이상의 수,[4수01-02],"[4수01-02] 다섯 자리 이상의 수의 범위에서 수의 계열을 이해하고, 수의 크기를 비교하며 그 방법을 설명할 수 있다.","수의 계열에 대한 이해를 바탕으로 다섯 자리 이상의 수를 여러 가지 방법으로 세며, 수의 크기를 비교하고 그 방법을 설명할 수 있다.","다섯 자리 이상의 수를 만, 억, 조씩 뛰어 세면서 수의 계열을 이해하고, 수의 크기를 비교할 수 있다.","안내된 절차에 따라 다섯 자리 이상의 수를 뛰어 세고, 간단한 두 수의 크기를 비교할 수 있다.",
3~4,수학,수와 연산,,⋅세 자리 수의 덧셈과 뺄셈,[4수01-03],[4수01-03] 세 자리 수의 덧셈과 뺄셈의 계산 원리를 이해하고 그 계산을 할 수 있다.,"받아올림이 있는 (세 자리 수)+(세 자리 수)와 받아내림이 있는 (세 자리 수)-(세 자리 수)를 계산하고, 그 계산 원리를 설명할 수 있다.","받아올림이 있는 (세 자리 수)+(세 자리 수)와 받아내림이 있는 (세 자리 수)-(세 자리 수)의 계산 원리를 이해하고, 그 계산을 할 수 있다.",안내된 절차에 따라 받아올림이 있는 (세 자리 수)+(세 자리 수)와 받아내림이 있는 (세 자리 수)-(세 자리 수)의 간단한 계산을 할 수 있다.,"[4수01-03] 덧셈은 세 자리 수의 범위에서 다루되, 합이 네 자리 수인 경우도 포함한다."
3~4,수학,수와 연산,,⋅자연수의 곱셈과 나눗셈,[4수01-04],[4수01-04] 곱하는 수가 한 자리 수 또는 두 자리 수인 곱셈의 계산 원리를 이해하고 그 계산을 할 수 있다.,"(두 자리 수)×(한 자리 수), (세 자리 수)×(한 자리 수), (두 자리 수)×(두 자리 수), (세 자리 수)×(두 자리 수)를 계산하고, 그 계산 원리를 설명할 수 있다.","(두 자리 수)×(한 자리 수), (세 자리 수)×(한 자리 수), (두 자리 수)×(두 자리 수), (세 자리 수)×(두 자리 수)의 계산 원리를 이해하고, 그 계산을 할 수 있다.","안내된 절차에 따라 (두 자리 수)×(한 자리 수), (두 자리 수)×(두 자리 수)의 간단한 계산을 할 수 있다.","[4수01-04] 곱셈은 ‘(두 자리 수)(한 자리 수)’, ‘(세 자리 수)(한 자리 수)’, ‘(두 자리 수)(두 자리 수)’, ‘(세 자리 수)(두 자리 수)’를 다룬다."
3~4,수학,수와 연산,,⋅자연수의 곱셈과 나눗셈,[4수01-05],"[4수01-05] 나눗셈이 이루어지는 실생활 상황과 연결하여 나눗셈의 의미를 알고, 곱셈과 나눗셈의 관계를 이해한다.","나눗셈이 이루어지는 실생활 상황과 연결하여 나눗셈의 의미를 설명하고, 한 가지 상황을 곱셈식과 나눗셈식으로 나타내어 곱셈과 나눗셈의 관계를 설명할 수 있다.","나눗셈이 이루어지는 실생활 상황과 연결하여 나눗셈의 의미를 이해하고, 이를 나눗셈식으로 나타내며, 한 가지 상황을 곱셈식과 나눗셈식으로 나타낼 수 있다.","안내된 절차에 따라 나눗셈이 이루어지는 실생활 상황을 나눗셈식으로 나타내고, 곱셈식을 나눗셈식으로, 나눗셈식을 곱셈식으로 나타낼 수 있다.",
3~4,수학,수와 연산,,⋅자연수의 곱셈과 나눗셈,[4수01-06],"[4수01-06] 나누는 수가 한 자리 수인 나눗셈의 계산 원리를 이해하고 그 계산을 할 수 있으며, 나눗셈에서 몫과 나머지의 의미를 안다.","나누는 수가 한 자리 수인 나눗셈을 계산하여 몫과 나머지를 구하고, 나눗셈에서 몫과 나머지의 의미와 계산 원리를 설명할 수 있다.","나누는 수가 한 자리 수인 나눗셈의 계산 원리를 이해하고, 그 계산을 하여 몫과 나머지를 구할 수 있다.",안내된 절차에 따라 나누는 수가 한 자리 수인 나눗셈을 하여 몫과 나머지를 구할 수 있다.,"[4수01-06] 나눗셈에서 ‘(두 자리 수)(한 자리 수)’는 나누어떨어지는 경우와 나누어떨어지지 않는 경우를 포함하여 몫과 나머지를 이해하게 한다.
"
3~4,수학,수와 연산,,⋅자연수의 곱셈과 나눗셈,[4수01-07],[4수01-07] 나누는 수가 두 자리 수인 나눗셈의 계산 원리를 이해하고 그 계산을 할 수 있다. ,"(두 자리 수)  (두 자리 수)와 (세 자리 수)  (두 자리 수)를 계산하고, 그 계산 원리를 설명할 수 있다.","(두 자리 수)  (두 자리 수)와 (세 자리 수)  (두 자리 수)의 계산 원리를 이해하고, 그 계산을 할 수 있다.",안내된 절차에 따라 (두 자리 수)  (두 자리 수)와 (세 자리 수)  (두 자리 수)의 간단한 계산을 할 수 있다.,"[4수01-07] 나누는 수가 두 자리 수인 나눗셈에서는 ‘(두 자리 수)(두 자리 수)’, ‘(세 자리 수)(두 자리 수)’를 다룬다.
"
3~4,수학,수와 연산,,⋅자연수의 곱셈과 나눗셈,[4수01-08],"[4수01-08] 자연수의 덧셈, 뺄셈, 곱셈, 나눗셈과 관련한 여러 가지 상황에서 어림셈을 할 수 있다. ","자연수의 덧셈, 뺄셈, 곱셈, 나눗셈에서 계산 결과를 어림하며, 어림셈을 이용하여 계산 결과가 타당한지를 확인하고, 실생활 문제를 해결할 수 있다.","자연수의 덧셈, 뺄셈, 곱셈, 나눗셈에서 계산 결과를 어림하며, 어림셈을 이용하여 계산 결과가 타당한지를 확인할 수 있다.","안내된 절차에 따라 간단한 자연수의 덧셈, 뺄셈, 곱셈, 나눗셈의 계산 결과를 어림할 수 있다.",
3~4,수학,수와 연산,,⋅분수,[4수01-09],"[4수01-09] 양의 등분할을 통하여 분수의 필요성을 인식하고, 분수를 이해하고 읽고 쓸 수 있다.","양의 등분할을 이용하여 분수의 필요성과 의미를 설명하고, 분수를 읽고 쓸 수 있다.","양의 등분할을 통하여 분수의 필요성과 의미를 알고, 분수를 읽고 쓸 수 있다.",안내된 절차에 따라 분모와 분자를 구별하여 분수를 읽고 쓸 수 있다.,"[4수01-09] 1보다 작은 양을 나타내는 경우를 통하여 분수의 필요성이나 그 표현의 편리함을 인식하게 할 수 있다. 양의 등분할을 통하여 분수를 도입할 때 부분과 전체를 파악하게 하고, ‘분모’, ‘분자’를 사용한다."
3~4,수학,수와 연산,,⋅분수,[4수01-10],"[4수01-10] 단위분수, 진분수, 가분수, 대분수를 알고, 그 관계를 이해한다.","단위분수, 진분수, 가분수, 대분수의 관계를 설명하고, 가분수를 대분수로, 대분수를 가분수로 나타낼 수 있다.","단위분수, 진분수, 가분수, 대분수를 알고, 가분수를 대분수로, 대분수를 가분수로 나타낼 수 있다.","안내된 절차에 따라 단위분수, 진분수, 가분수, 대분수를 구분하고, 가분수를 대분수로, 대분수를 가분수로 나타낼 수 있다.",
3~4,수학,수와 연산,,⋅분수,[4수01-11],"[4수01-11] 분모가 같은 분수끼리, 단위분수끼리 크기를 비교하고 그 방법을 설명할 수 있다.","분모가 같은 분수끼리, 단위분수끼리 크기를 비교하고, 그 방법을 설명할 수 있다.","분모가 같은 분수끼리, 단위분수끼리 크기를 비교할 수 있다.","구체물이나 그림을 보고 분모가 같은 분수끼리, 단위분수끼리 크기를 직관적으로 비교할 수 있다.",
3~4,수학,수와 연산,,⋅소수,[4수01-12],[4수01-12] 분모가 10인 진분수와 연결하여 소수 한 자리 수를 이해하고 읽고 쓸 수 있다.,"분모가 10인 진분수를 소수 한 자리 수로 나타내고 읽고 쓰며, 실생활에서 소수가 활용되는 사례를 찾아 소수의 필요성을 말할 수 있다.","분모가 10인 진분수를 소수 한 자리 수로 나타내고 읽고 쓰며, 실생활에서 소수가 활용되는 사례를 찾을 수 있다.","1/10 = 0.1임을 알고, 소수 한 자리 수를 읽고 쓸 수 있다.",
3~4,수학,수와 연산,,⋅소수,[4수01-13],[4수01-13] 자릿값의 원리를 바탕으로 소수 두 자리 수와 소수 세 자리 수를 이해하고 읽고 쓸 수 있다.,"소수 두 자리 수와 소수 세 자리 수에서 자릿값의 원리를 설명하고, 소수를 읽고 쓸 수 있다.","소수 두 자리 수와 소수 세 자리 수에서 자릿값의 원리를 이해하고, 소수를 읽고 쓸 수 있다.","안내된 절차에 따라 분모가 100, 1000인 분수를 소수로 나타내고, 그 소수를 읽을 수 있다.",
3~4,수학,수와 연산,,⋅소수,[4수01-14],[4수01-14] 소수의 크기를 비교하고 그 방법을 설명할 수 있다.,"여러 가지 소수의 크기를 비교하고, 그 방법을 설명할 수 있다.",여러 가지 소수의 크기를 비교할 수 있다.,구체물이나 그림을 이용하여 소수의 크기를 비교할 수 있다.,
3~4,수학,수와 연산,,⋅분모가 같은 분수의 덧셈과 뺄셈,[4수01-15],[4수01-15] 분모가 같은 분수의 덧셈과 뺄셈의 계산 원리를 이해하고 그 계산을 할 수 있다.,"분모가 같은 분수의 덧셈과 뺄셈을 여러 가지 방법으로 계산하고, 그 계산 원리를 설명할 수 있다.","분모가 같은 분수의 덧셈과 뺄셈의 계산 원리를 이해하고, 그 계산을 할 수 있다.",안내된 절차에 따라 분모가 같은 간단한 분수의 덧셈과 뺄셈을 할 수 있다.,
3~4,수학,수와 연산,,⋅소수의 덧셈과 뺄셈,[4수01-16],[4수01-16] 소수 두 자리 수의 범위에서 소수의 덧셈과 뺄셈의 계산 원리를 이해하고 그 계산을 할 수 있다.,"소수 두 자리 수의 범위에서 소수의 덧셈과 뺄셈을 계산하고, 그 계산 원리를 설명할 수 있다.","소수 두 자리 수의 범위에서 소수의 덧셈과 뺄셈의 계산 원리를 이해하고, 그 계산을 할 수 있다.",안내된 절차에 따라 소수 두 자리 수의 범위에서 간단한 소수의 덧셈과 뺄셈을 할 수 있다.,
3~4,수학,변화와 관계,"⋅변화하는 현상에 반복적인 요소로 들어있는 규칙은 수나 식으로 표현될 수 있으며, 규칙을 탐구하는 것은 수학적으로 추측하고 일반화하는 데 기반이 된다.
⋅동치 관계, 대응 관계, 비례 관계 등은 여러 현상에 들어있는 대상들 사이의 다양한 관계를 기술하고 복잡한 문제를 해결하는 데 유용하게 활용된다.
⋅수와 그 계산은 문자와 식을 사용하여 일반화되며, 특정한 관계를 만족시키는 미지의 값은 방정식과 부등식을 해결하는 적절한 절차를 거쳐 구해진다.
⋅한 양이 변함에 따라 다른 양이 하나씩 정해지는 두 양 사이의 대응 관계를 나타내는 함수와 그 그래프는 변화하는 현상 속의 다양한 관계를 수학적으로 표현한다.",⋅규칙,[4수02-01],"다양한 변화 규칙을 찾아 설명하고, 그 규칙을 수나 식으로 나타낼 수 있다.","여러 가지 배열에서 다양한 변화 규칙을 찾아 수나 식으로 나타내고, 그 방법을 설명할 수 있다.","주어진 배열에서 변화 규칙을 찾아 말하고, 그 규칙을 수나 식으로 나타낼 수 있다.",안내된 절차에 따라 간단한 배열에서 변화 규칙을 찾아 수나 식으로 나타낼 수 있다.,
3~4,수학,변화와 관계,,⋅규칙,[4수02-02],"계산식의 배열에서 규칙을 찾고, 계산 결과를 추측할 수 있다.","계산식의 배열에서 규칙을 찾아 계산 결과를 추측하고, 추측한 계산 결과가 옳은지 확인하여 설명할 수 있다.","계산식의 배열에서 규칙을 찾아 말하고, 계산 결과를 추측할 수 있다.",간단한 계산식의 배열에서 이어질 계산 결과를 추측할 수 있다.,"[4수02-02] 다양한 규칙을 찾을 수 있는 계산식의 배열, 수의 성질을 탐구할 수 있는 계산식의 배열을 다룬다."
3~4,수학,변화와 관계,,⋅동치 관계,[4수02-03],등호를 사용하여 크기가 같은 두 양의 관계를 식으로 나타낼 수 있다.,"등호를 사용하여 크기가 같은 두 양의 관계를 식으로 나타내고, 등호가 사용된 식이 옳은지를 설명할 수 있다.",등호를 사용하여 크기가 같은 두 양의 관계를 식으로 나타낼 수 있다.,안내된 절차에 따라 등호를 사용하여 크기가 같은 두 양의 관계를 식으로 나타낼 수 있다.,"[4수02-03] 등호(  )의 의미를 토대로 구체물, 그림 등을 사용하여 주어진 식이 옳은지 판단하는 활동, 크기가 같은 두 양을 찾는 활동 등을 통해 동치 관계를 이해하게 한다."
3~4,수학,도형과 측정,"⋅평면도형과 입체도형은 여러 가지 모양을 범주화한 것이며, 각각의 평면도형과 입체도형은 고유한 성질을 갖는다.

⋅도형의 성질과 관계를 탐구하고 정당화하는 것은 논리적이고 비판적으로 사고하는 데 기반이 된다.

⋅측정은 여러 가지 속성의 양을 비교하고 속성에 따른 단위를 이용하여 양을 수치화함으로써 여러 가지 현상을 해석하거나 실생활 문제를 해결하는 데 활용된다.",⋅도형의 기초,[4수03-01],"직선, 선분, 반직선을 이해하고 구별할 수 있다.","직선, 선분, 반직선의 예를 제시하고, 그 차이를 설명할 수 있다.","주어진 도형에서 직선, 선분, 반직선을 구별하고, 그 차이를 말할 수 있다.","주어진 도형에서 직선, 선분, 반직선을 구별할 수 있다.",
3~4,수학,도형과 측정,,⋅도형의 기초,[4수03-02],"각과 직각을 이해하고, 직각과 비교하는 활동을 통하여 예각과 둔각을 구별할 수 있다.","각, 직각의 예를 제시하고, 직각과 비교하여 예각과 둔각의 차이를 설명할 수 있다.","주어진 도형에서 각과 직각을 찾고, 여러 가지 각을 직각, 예각, 둔각으로 분류할 수 있다.","주어진 도형에서 각을 찾고, 직각이 있는 구체물을 이용하여 직각, 예각, 둔각을 찾을 수 있다.",
3~4,수학,도형과 측정,,⋅도형의 기초,[4수03-03],직선의 수직 관계와 평행 관계를 이해한다.,"수직 관계인 두 직선이나 평행 관계인 두 직선을 그리고, 그 성질을 설명할 수 있다.","수직과 평행의 의미를 알고, 주어진 그림에서 수직 관계 또는 평행 관계인 직선을 찾을 수 있다.",안내된 절차에 따라 주어진 그림에서 한 직선에 수직 또는 평행인 직선을 찾을 수 있다.,
3~4,수학,도형과 측정,,⋅평면도형의 이동,[4수03-04],"구체물이나 평면도형의 밀기, 뒤집기, 돌리기 활동을 통하여 그 변화를 이해한다.","구체물이나 평면도형의 밀기, 뒤집기, 돌리기를 한 결과를 예상하고, 위치나 방향의 변화를 설명할 수 있다.","구체물이나 평면도형의 밀기, 뒤집기, 돌리기를 하고, 위치나 방향의 변화를 말할 수 있다.","간단한 구체물이나 평면도형의 밀기, 뒤집기, 돌리기를 하고, 그 결과를 그림으로 나타낼 수 있다.",[4수03-04] 실생활에서 평면도형의 이동을 활용한 사례를 찾아서 이동에 따른 변화를 추론하고 위치나 방향이 어떻게 변화했는지 설명하게 한다.
3~4,수학,도형과 측정,,⋅평면도형의 이동,[4수03-05],평면에서 점의 이동에 대해 위치와 방향을 이용하여 설명할 수 있다.,"평면에서 점을 이동하고, 그 결과를 위치와 방향의 용어(위, 아래, 오른쪽, 왼쪽, ~칸, ~cm 등)를 사용하여 여러 가지 방법으로 설명할 수 있다.","평면에서 점의 이동을 위치와 방향의 용어(위, 아래, 오른쪽, 왼쪽, ~칸, ~cm 등)를 사용하여 말할 수 있다.",안내된 절차에 따라 주어진 점을 위치와 방향에 맞게 이동할 수 있다.,"[4수03-05] 평면에서 점의 이동은 격자를 따라 위, 아래, 오른쪽, 왼쪽으로 ‘∼칸’, ‘∼cm’를 이동하는 수준에서 다룬다. 한 점의 이동에 대해 위치와 방향을 설명하는 데 초점을 두고, 꼭짓점의 이동을 이용하여 평면도형의 이동을 설명하는 활동은 다루지 않는다."
3~4,수학,도형과 측정,,⋅원의 구성 요소,[4수03-06],"원의 중심, 반지름, 지름을 이해하고, 그 성질을 안다.","원의 중심, 반지름, 지름에 대한 이해를 바탕으로 원의 여러 가지 성질을 찾아 설명할 수 있다.","원의 중심, 반지름, 지름을 이해하고, 이를 이용하여 원의 성질을 찾을 수 있다.","주어진 원에서 원의 중심, 반지름, 지름을 찾을 수 있다.",
3~4,수학,도형과 측정,,⋅원의 구성 요소,[4수03-07],컴퍼스를 이용하여 여러 가지 크기의 원을 그릴 수 있다.,"컴퍼스를 이용하여 여러 가지 크기의 원을 그리고, 원의 중심, 반지름, 지름을 이용하여 그 방법을 설명할 수 있다.",컴퍼스를 이용하여 주어진 원과 크기가 같은 원을 그릴 수 있다.,컴퍼스를 이용하여 원을 그릴 수 있다.,[4수03-07] 컴퍼스를 사용하여 다양한 크기의 원을 그리는 방법을 원의 성질과 연결하여 이해하게 한다.
3~4,수학,도형과 측정,,⋅여러 가지 삼각형,[4수03-08],"여러 가지 모양의 삼각형에 대한 분류 활동을 통하여 이등변삼각형, 정삼각형을 이해하고, 그 성질을 탐구하고 설명할 수 있다.","여러 가지 삼각형을 분류하는 활동을 통하여 이등변삼각형과 정삼각형을 구분하고, 각각의 성질을 설명할 수 있다.","주어진 삼각형에서 이등변삼각형과 정삼각형을 찾고, 각각의 성질을 말할 수 있다.",구체적 조작 활동을 통하여 주어진 삼각형에서 이등변삼각형과 정삼각형을 찾을 수 있다.,
3~4,수학,도형과 측정,,⋅여러 가지 삼각형,[4수03-09],"여러 가지 모양의 삼각형에 대한 분류 활동을 통하여 직각삼각형, 예각삼각형, 둔각삼각형을 이해한다.","여러 가지 삼각형을 분류하는 활동을 통하여 직각삼각형, 예각삼각형, 둔각삼각형을 구분하고, 그 차이를 설명할 수 있다.","주어진 삼각형을 직각삼각형, 예각삼각형, 둔각삼각형으로 구분할 수 있다.","구체적 조작 활동을 통하여 주어진 삼각형에서 직각삼각형, 예각삼각형, 둔각삼각형을 찾을 수 있다.",
3~4,수학,도형과 측정,,⋅여러 가지 사각형,[4수03-10],"여러 가지 모양의 사각형에 대한 분류 활동을 통하여 직사각형, 정사각형, 사다리꼴, 평행사변형, 마름모를 이해하고, 그 성질을 탐구하고 설명할 수 있다.","여러 가지 사각형을 분류하는 활동을 통하여 직사각형, 정사각형, 사다리꼴, 평행사변형, 마름모를 구분하고, 각각의 성질을 설명할 수 있다.","주어진 사각형에서 직사각형, 정사각형, 사다리꼴, 평행사변형, 마름모를 찾고, 그 성질을 말할 수 있다.","구체적 조작 활동을 통하여 주어진 사각형에서 직사각형, 정사각형, 사다리꼴, 평행사변형, 마름모를 찾을 수 있다.",
3~4,수학,도형과 측정,,⋅다각형,[4수03-11],다각형과 정다각형을 이해한다.,"다각형과 정다각형의 여러 가지 예를 제시하고, 각 도형의 공통점을 설명할 수 있다.","주어진 도형에서 다각형과 정다각형을 찾고, 그 의미를 말할 수 있다.",주어진 도형에서 다각형과 정다각형을 찾을 수 있다.,"[4수03-11] 도형판, 모양 조각 등의 교구를 이용한 구체적인 조작 활동을 통해 다각형과 정다각형을 이해하게 한다."
3~4,수학,도형과 측정,,⋅평면도형의 이동,[4수03-12],주어진 도형을 이용하여 여러 가지 모양을 만들거나 채우고 설명할 수 있다.,"주어진 도형을 이용하여 여러 가지 모양을 만들거나 채우고, 그 방법을 설명할 수 있다.",주어진 도형을 이용하여 모양을 만들거나 채울 수 있다.,안내된 절차에 따라 주어진 도형을 이용하여 일부가 제시된 모양의 전체를 완성할 수 있다.,[4수03-12] 다양한 교구와 공학 도구 등을 이용한 구체적인 활동을 통해 주어진 도형으로 여러 가지 모양을 다양하게 만들거나 채울 수 있다.
3~4,수학,도형과 측정,,⋅시각과 시간(초),[4수03-13],"1분과 1초의 관계를 이해하고, 초 단위까지 시각을 읽을 수 있다.","1분과 1초의 관계를 이용하여 여러 가지 시각을 초 단위까지 읽으며, 시계에 나타낼 수 있다.","1분이 60초임을 알고, 여러 가지 시각을 초 단위까지 읽을 수 있다.","1분이 60초임을 알고, 안내된 절차에 따라 주어진 시각을 초 단위까지 읽을 수 있다.",
3~4,수학,도형과 측정,,⋅시각과 시간(초),[4수03-14],실생활 문제 상황과 연결하여 초 단위까지의 시간의 덧셈과 뺄셈을 할 수 있다.,"실생활 문제 상황을 초 단위까지 시간의 덧셈과 뺄셈으로 나타내어 계산하고, 그 과정을 설명할 수 있다.","실생활 문제 상황을 초 단위까지 시간의 덧셈과 뺄셈으로 나타내고, 그 계산을 할 수 있다.",안내된 절차에 따라 초 단위까지의 간단한 시간의 덧셈과 뺄셈을 할 수 있다.,
3~4,수학,도형과 측정,,"⋅길이(mm, km
",[4수03-15],"길이 단위 1mm와 1km를 알고, 이를 이용하여 길이를 측정하고 어림하며 수학의 유용성을 인식할 수 있다.","1mm와 1km를 이용하여 여러 가지 길이를 측정하거나 어림하고, 실생활에서 이를 활용하는 예를 찾아 수학의 유용성을 설명할 수 있다.","1mm와 1km를 이용하여 길이를 측정하거나 어림하고, 실생활에서 이를 활용하는 예에서 수학의 유용성을 인식한다.",안내된 절차에 따라 1mm와 1km를 이용하여 길이를 측정할 수 있다.,
3~4,수학,도형과 측정,,"⋅길이(mm, km
",[4수03-16],"1cm와 1mm, 1km와 1m의 관계를 이해하고, 길이를 ‘몇 cm 몇 mm’와 ‘몇 mm’, ‘몇 km 몇 m’와 ‘몇 m’로 다양하게 표현할 수 있다.","길이를 여러 가지 방법으로 표현하고, 1cm와 1mm, 1km와 1m의 관계를 설명할 수 있다.","주어진 길이를 ‘몇 cm 몇 mm’와 ‘몇 mm’, ‘몇 km 몇 m’와 ‘몇 m’로 표현할 수 있다.","안내된 절차에 따라 ‘몇 cm’를 ‘몇 mm’로, ‘몇 km’를 ‘몇 m’로 표현할 수 있다.",
3~4,수학,도형과 측정,,"⋅들이(L, mL
",[4수03-17],"들이 단위 1L와 1mL를 알고, 이를 이용하여 들이를 측정하고 어림하며 수학의 유용성을 인식할 수 있다.","1L와 1mL를 이용하여 여러 가지 들이를 측정하거나 어림하고, 실생활에서 이를 활용하는 예를 찾아 수학의 유용성을 설명할 수 있다.","1L와 1mL를 이용하여 들이를 측정하거나 어림하고, 실생활에서 이를 활용하는 예에서 수학의 유용성을 인식한다.",안내된 절차에 따라 1L와 1mL를 이용하여 간단한 들이를 측정할 수 있다.,
3~4,수학,도형과 측정,,"⋅들이(L, mL)",[4수03-18],"1L와 1mL의 관계를 이해하고, 들이를 ‘몇 L 몇 mL’와 ‘몇 mL’로 표현할 수 있다.","들이를 ‘몇 L 몇 mL’ 또는 ‘몇 mL’로 표현하고, 1L와 1mL의 관계를 설명할 수 있다.",주어진 들이를 ‘몇 L 몇 mL’와 ‘몇 mL’로 표현할 수 있다.,"안내된 절차에 따라 ‘몇 L’를 ‘몇 mL’로, ‘몇 mL’를 ‘몇 L’로 표현할 수 있다.",
3~4,수학,도형과 측정,,"⋅들이(L, mL)",[4수03-19],실생활 문제 상황과 연결하여 들이의 덧셈과 뺄셈을 할 수 있다.,"실생활 문제 상황을 들이의 덧셈과 뺄셈으로 나타내어 계산하고, 그 과정을 설명할 수 있다.","실생활 문제 상황을 들이의 덧셈과 뺄셈으로 나타내고, 그 계산을 할 수 있다.",안내된 절차에 따라 간단한 들이의 덧셈과 뺄셈을 할 수 있다.,
3~4,수학,도형과 측정,,"⋅무게(kg, g, t)",[4수03-20],"실생활에서 무게를 나타낼 때 사용하는 단위 1g과 1kg을 알고, 이를 이용하여 무게를 측정하고 어림하며 수학의 유용성을 인식할 수 있다.","1g과 1kg을 이용하여 여러 가지 무게를 측정하거나 어림하고, 실생활에서 1g과 1kg을 활용하는 예를 찾아 수학의 유용성을 설명할 수 있다.","1g과 1kg을 이용하여 무게를 측정하거나 어림하고, 실생활에서 이를 활용하는 예를 찾아 수학의 유용성을 인식한다.",안내된 절차에 따라 1g과 1kg을 이용하여 간단한 무게를 측정할 수 있다.,"[4수03-20] 초등학교에서는 무게와 질량의 개념을 엄밀하게 구분하지 않으며, 무게를 비교하고 측정하는 데에 g, kg의 단위를 사용하게 한다."
3~4,수학,도형과 측정,,"⋅무게(kg, g, t)",[4수03-21],"1kg과 1g의 관계를 이해하고, 무게를 ‘몇 kg 몇 g’과 ‘몇 g’으로 표현할 수 있다.","무게를 ‘몇 kg 몇 g’ 또는 ‘몇 g’으로 표현하고, 1kg과 1g의 관계를 설명할 수 있다.",주어진 무게를 ‘몇 kg 몇 g’과 ‘몇 g’으로 표현할 수 있다.,"안내된 절차에 따라 ‘몇 kg’을 ‘몇 g’으로, ‘몇 g’을 ‘몇 kg’으로 표현할 수 있다.",
3~4,수학,도형과 측정,,"⋅무게(kg, g, t)",[4수03-22],"실생활에서 무게를 나타낼 때 사용하는 단위 1t을 알고, 1t과 1kg의 관계를 이해한다.","실생활에서 t를 활용하는 예를 찾고, 1t과 1kg의 관계를 이용하여 다양한 무게를 표현할 수 있다.","1t이 1000kg임을 이용하여 ‘몇 t’을 ‘몇 kg’으로, ‘몇 kg’을 ‘몇 t’으로 표현할 수 있다.","안내된 절차에 따라 ‘몇 t’을 ‘몇 kg’으로, ‘몇 kg’을 ‘몇 t’으로 표현할 수 있다.",
3~4,수학,도형과 측정,,"⋅무게(kg, g, t)",[4수03-23],실생활 문제 상황과 연결하여 무게의 덧셈과 뺄셈을 할 수 있다.,"실생활 문제 상황을 무게의 덧셈과 뺄셈으로 나타내어 계산하고, 그 과정을 설명할 수 있다.","실생활 문제 상황을 무게의 덧셈과 뺄셈으로 나타내고, 그 계산을 할 수 있다.",안내된 절차에 따라 간단한 무게의 덧셈과 뺄셈을 할 수 있다.,
3~4,수학,도형과 측정,,⋅각도(  ˚  ),[4수03-24],"각의 크기의 단위인 1도(°)를 알고, 각도기를 이용하여 각의 크기를 측정하고 어림할 수 있다.","각도기를 이용하여 여러 가지 각의 크기를 측정하거나 어림하고, 그 방법을 설명할 수 있다.","각의 크기의 단위인 1도(°)를 알고, 각도기를 이용하여 주어진 각의 크기를 측정하거나 어림할 수 있다.",안내된 절차에 따라 각도기를 이용하여 간단한 각의 크기를 측정할 수 있다.,
3~4,수학,도형과 측정,,,[4수03-25],"여러 가지 방법으로 삼각형과 사각형의 내각의 크기의 합을 추론하고, 자신의 추론 과정을 설명할 수 있다.","삼각형과 사각형의 내각의 크기의 합을 여러 가지 방법으로 추론하고, 그 방법을 설명할 수 있다.","구체물이나 그림을 이용하여 삼각형과 사각형의 내각의 크기의 합이 각각 180°, 360°임을 설명할 수 있다.","삼각형과 사각형의 내각의 크기의 합이 각각 180°, 360°임을 말할 수 있다.",
3~4,수학,자료와가능성 ,"⋅자료를 수집, 정리, 해석하는 통계는 자료의 특징을 파악하고 두 집단을 비교하며 자료의 관계를 탐구하는 데 활용된다.
⋅사건이 일어날 가능성을 여러 가지 방법으로 표현하는 것은 불확실성을 이해하는 데 도움이 되며, 가능성을 확률로 수치화하면 불확실성을 수학적으로 다룰 수 있게 된다.
⋅자료를 이용하여 통계적 문제해결 과정을 실천하고 생활 속의 가능성을 탐구하는 것은 미래를 예측하고 합리적인 의사 결정을 하는 데 기반이 된다.","⋅그림그래프
⋅막대그래프 ",[4수04-01],자료를 수집하여 그림그래프나 막대그래프로 나타내고 해석할 수 있다.,"실생활 자료를 수집하여 그림그래프나 막대그래프로 나타내고, 그래프를 해석할 수 있다.","주어진 자료를 그림그래프나 막대그래프로 나타내고, 그래프에서 여러 가지 사실을 찾을 수 있다.","안내된 절차에 따라 일부가 제시된 그림그래프나 막대그래프를 완성하고, 그래프에서 간단한 사실을 찾을 수 있다.",
3~4,수학,자료와가능성 ,,⋅꺾은선그래프,[4수04-02],자료를 수집하여 꺾은선그래프로 나타내고 해석할 수 있다.,"실생활 자료를 수집하여 꺾은선그래프로 나타내고, 그래프를 해석할 수 있다.","주어진 자료를 꺾은선그래프로 나타내고, 그래프에서 여러 가지 사실을 찾을 수 있다.","안내된 절차에 따라 일부가 제시된 꺾은선그래프를 완성하고, 그래프에서 간단한 사실을 찾을 수 있다.",
3~4,수학,자료와가능성 ,,"⋅막대그래프 
⋅꺾은선그래프",[4수04-03],"탐구 문제를 해결하기 위해 자료를 수집, 정리하여 막대그래프나 꺾은선그래프로 나타내고 해석할 수 있다.","탐구 문제를 해결하기 위해 자료를 수집, 정리하여 막대그래프나 꺾은선그래프로 나타내고, 그 그래프를 해석할 수 있다.","자료를 정리하여 막대그래프나 꺾은선그래프로 나타내고, 그래프에서 여러 가지 사실을 찾을 수 있다.","안내된 절차에 따라 주어진 자료를 막대그래프나 꺾은선그래프로 나타내고, 그래프에서 간단한 사실을 찾을 수 있다.","[4수04-03] 여러 가지 문제를 해결하기 위해 자료를 수집, 정리하고 그래프로 나타내어 해석하는 일련의 과정을 직접 경험하게 한다. 자료의 크기를 비교할 때는 막대그래프로, 시간에 따른 변화의 경향을 알아볼 때는 꺾은선그래프로 나타내는 것이 편리함을 알고, 자료의 특성에 따라 목적에 맞는 적절한 그래프를 선택하게 한다."
3~4,과학,운동과 에너지,"⋅자연과 일상생활 속의 여러 가지 힘은 물체의 속력과 운동 방향을 변화시키고, 물체의 운동은 힘과 에너지를 통해 예측할 수 있으며, 이는 안전한 일상생활의 토대가 된다.
⋅전하와 전류는 다양한 전기와 자기 현상을 일으키고, 전기와 자기에 대한 성질은 전구, 전동기 등 여러 가지 전기 기구의 작동 원리로 유용하게 활용된다.
⋅열은 온도가 높은 곳에서 낮은 곳으로 이동하며, 일상생활에서는 단열 등 다양한 분야에 물질의 열적 성질이나 열의 이동 방식이 이용된다.
⋅빛과 소리는 반사, 굴절, 진동 등 파동의 특성을 가지며, 그 특성은 거울, 렌즈, 악기, 색의 구현 등 편리하고 심미적인 삶에 도움이 된다.",⋅밀기와 당기기,[4과01-01],"일상생활에서 힘과 관련된 현상에 흥미를 갖고, 물체를 밀거나 당길 때 나타나는 현상을 관찰할 수 있다.","일상생활에서 힘과 관련된 현상에 흥미를 가지고, 무거운 물체와 가벼운 물체를 밀거나 당길 때 드는 힘의 크기를 비교하여 설명할 수 있다.",물체를 밀거나 당길 때 나타나는 현상에 흥미를 가지고 이를 관찰할 수 있다.,물체를 밀거나 당길 때 나타나는 현상에 흥미를 가지고 이를 관찰할 수 있다.,[4과01-01] 무거운 물체를 밀고 당길 때와 가벼운 물체를 밀고 당길 때 드는 힘의 크기를 느끼는 데 중점을 둔다.
3~4,과학,운동과 에너지,,⋅무게 ,[4과01-02],수평잡기 활동을 통해 물체의 무게를 비교할 수 있다.,수평잡기 활동을 통해 무게가 같거나 다른 여러 물체의 무게를 비교할 수 있다.,수평잡기 활동에서 기울어지는 현상을 관찰하여 두 물체 중에서 무거운 물체를 찾을 수 있다.,수평잡기 활동을 통해 물체의 무게가 서로 다름을 알 수 있다.,
3~4,과학,운동과 에너지,,⋅수평잡기,[4과01-03],"무게를 정확히 비교하기 위해서는 저울이 필요함을 알고, 저울을 사용해 무게를 비교할 수 있다.","저울의 필요성을 알고, 저울을 사용해 여러 가지 물체들의 무게를 비교할 수 있으며, 이 과정을 통해 과학의 유용성을 인식한다.","저울의 필요성을 알고, 저울을 사용해 물체의 무게를 측정할 수 있다.",일상생활에서 물체의 무게를 측정하기 위해 저울이 사용되고 있음을 말할 수 있다.,"[4과01-03] 무게와 질량을 구분하지 않으며 무게를 비교하는 단위로 g, ㎏을 사용한다."
3~4,과학,운동과 에너지,,⋅도구의 이용,[4과01-04],"지레, 빗면과 같은 도구를 이용하면 물체를 들어 올릴 때 드는 힘의 크기가 달라짐을 알고, 도구가 일상생활에서 어떻게 쓰이는지 조사하여 공유할 수 있다.","지레, 빗면과 같은 도구를 이용하면 작은 힘으로 물체를 들 수 있음을 알고, 일상생활에서 도구가 사용되는 예를 조사하여 공유할 수 있으며, 이 과정을 통해 도구 사용의 과학적 유용성을 인식한다.","지레, 빗면을 사용하면 작은 힘으로 물체를 들 수 있다는 사실을 알고, 도구가 사용되는 예를 조사할 수 있다.",일상생활에서 물체를 들어 올릴 때 지레와 빗면과 같은 도구가 사용되고 있음을 말할 수 있다.,"[4과01-04] 지레, 빗면과 같은 간단한 도구를 이용할 때 힘의 크기가 달라진다는 점을 관찰하는 데 중점을 두며, 도구의 원리나 구조적 특성을 다루지 않는다."
3~4,과학,생명,"⋅생물은 세포로 이루어져 있고, 여러 구성 단계가 유기적으로 연관되어 있으며, 조화로운 작용을 통해 건강한 몸을 유지한다.
⋅식물은 광합성으로 양분을 만들며, 생물은 호흡을 통해 생명 활동에 필요한 에너지를 얻는다.
⋅동물은 다양한 감각 기관을 통해 자극을 받아들이고, 신경계와 호르몬의 작용을 통해 반응한다.
⋅생물은 생식을 통해 자손을 생산하고, 생물의 형질은 유전자에 의해 자손에게 전달되며, 생물의 유전 현상은 사람의 가계에서도 관찰된다.
⋅우리 주변의 다양한 생물은 환경과 영향을 주고받으며 밀접한 관계를 맺고 있으며, 생물다양성은 생태계와 인간의 삶과도 밀접하게 관련되어 있다.",⋅동물의 생김새,[4과02-01],여러 가지 동물을 관찰하여 특징에 따라 동물을 분류할 수 있다.,여러 가지 동물을 관찰하고 특징에 따라 분류 기준을 정하여 동물을 분류할 수 있다.,여러 가지 동물을 관찰하여 공통된 특징과 구별되는 특징을 말할 수 있다.,여러 가지 동물을 관찰하여 그 특징을 말할 수 있다.,[4과02-01] 동물의 형태적 특징을 찾고 그 특징에 따라 분류 기준을 정하여 분류하는 활동을 하도록 하며 생물학적 분류 체계는 다루지 않는다.
3~4,과학,생명,,⋅동물의 생김새,[4과02-02],다양한 환경에 서식하는 동물을 조사하여 동물의 생김새와 생활 방식이 환경과 관련되어 있음을 설명할 수 있다.,다양한 환경에 서식하는 동물을 조사하여 동물의 생김새와 생활 방식이 사는 환경과 어떻게 관련되어 있는지 설명할 수 있다.,다양한 환경에 따라 동물의 생김새와 생활 방식이 다름을 발표할 수 있다.,다양한 환경에 사는 동물의 생김새를 말할 수 있다.,"[4과02-02] 서식지에 따른 동물의 생김새와 생활 방식의 다양성을 다루고, 적응 개념은 다루지 않는다."
3~4,과학,생명,,⋅동물의 생김새,[4과02-03],동물의 특징을 이용하여 일상생활에서 활용할 수 있는 생활용품을 설계하여 협력적으로 소통할 수 있다.,동물의 특징을 이용하여 일상생활에서 활용할 수 있는 생활용품을 독창적인 아이디어로 설계하고 협력적으로 소통할 수 있다.,동물의 특징을 이용하여 일상생활에서 활용할 수 있는 생활용품을 설계하고 발표할 수 있다.,동물의 특징을 이용하여 설계한 생활용품을 말할 수 있다.,
3~5,과학,생명,,⋅식물의 생김새,[4과03-01],여러 가지 식물을 관찰하여 특징에 따라 식물을 분류할 수 있다.,여러 가지 식물을 관찰하고 특징에 따라 분류 기준을 정하여 식물을 분류할 수 있다.,여러 가지 식물을 관찰하여 공통된 특징과 구별되는 특징을 말할 수 있다.,여러 가지 식물을 관찰하여 그 특징을 말할 수 있다.,[4과03-01] 여러 가지 식물의 잎을 채집해 생김새 등과 같은 외형적 특징에 따라 기준을 세워 분류하는 활동을 하며 생물학적 분류 체계는 다루지 않는다.
3~6,과학,생명,,⋅식물의 생김새,[4과03-02],다양한 환경에 서식하는 식물을 조사하여 식물의 생김새와 생활 방식이 환경과 관련되어 있음을 설명할 수 있다.,다양한 환경에 서식하는 식물을 조사하여 식물의 생김새와 생활 방식이 서식하는 환경과 어떻게 관련되어 있는지 설명할 수 있다.,다양한 환경에 따라 식물의 생김새와 생활 방식이 다름을 발표할 수 있다.,다양한 환경에 서식하는 식물의 생김새를 말할 수 있다.,"[4과03-02] 서식지에 따른 식물의 생김새와 생활 방식의 다양성을 다루고, 적응 개념은 다루지 않는다."
3~7,과학,생명,,⋅식물의 생김새,[4과03-03],식물의 특징을 이용하여 일상생활에서 활용할 수 있는 생활용품을 설계하여 협력적으로 소통할 수 있다.,식물의 특징을 이용하여 일상생활에서 활용할 수 있는 생활용품을 독창적인 아이디어로 설계하고 협력적으로 소통할 수 있다.,식물의 특징을 이용하여 일상생활에서 활용할 수 있는 생활용품을 설계하고 발표할 수 있다.,식물의 특징을 이용하여 설계한 생활용품을 말할 수 있다.,
3~4,과학,생명,,⋅동물의 생김새,[4과04-01],"동물의 한살이를 직접 관찰하고, 관찰한 내용을 글과 그림으로 표현할 수 있다.","동물을 직접 기르면서 동물의 한살이를 관찰하고, 관찰한 내용을 글과 그림으로 표현하여 관찰 보고서를 쓸 수 있다.",곤충의 한살이를 관찰하여 곤충의 모습이 달라짐을 말할 수 있다.,곤충의 한살이를 관찰할 수 있다.,
3~4,과학,생명,,⋅식물의 생김새,[4과04-02],식물이 자라는 데 필요한 조건을 찾는 실험을 설계하여 수행할 수 있다.,"씨가 싹 트거나 식물이 자라는 데 필요한 조건을 찾는 실험을 설계하여 수행하고, 그 결과를 설명할 수 있다.",식물이 자라는 데 필요한 조건을 찾는 실험을 설계할 수 있다.,식물이 자라는 데 필요한 조건을 말할 수 있다.,"[4과04-02] 씨가 싹트는데 필요한 조건은 물과 온도로 한정하고, 식물이 자라는데 필요한 조건은 물과 햇빛으로 제한한다."
3~4,과학,생명,,"⋅동물의 생김새
⋅식물의 생김새",[4과04-03],생물의 한살이 과정을 조사하여 생물에 따라 한살이의 유형이 다양함을 소개하는 자료를 만들어 공유할 수 있다.,"여러 가지 생물의 한살이 과정을 조사하여 생물에 따라 한살이 유형이 다양함을 이해하고, 이를 소개하는 자료를 만들어 공유할 수 있다.",여러 가지 생물의 한살이 과정을 조사하여 생물에 따라 한살이 유형이 다양함을 말할 수 있다.,여러 가지 생물의 한살이 과정을 조사할 수 있다.,"[4과04-03] 한살이의 유형을 이해하는 생물의 범위는 동물과 식물에 한정하여 다루고, 식물의 한살이 유형은 한해살이와 여러해살이로 구분하여 이해하도록 한다."
3~4,과학,물질,"⋅물질은 여러 가지 상태로 존재하며, 구성 입자의 운동에 따라 물질의 상태와 물리적 성질이 변한다.
⋅물질의 상태 변화 및 화학 반응에는 에너지 출입이 수반되며, 이는 일상생활에 유용하게 활용된다.
⋅물질은 서로 구분할 수 있는 고유한 특성을 가지며, 물질의 특성은 일상생활의 다양한 혼합물 분리에 이용된다.
⋅화학 반응을 통해 물질은 다른 물질로 변하며, 화학 반응의 규칙성은 새로운 물질의 생성 원리가 된다.",⋅물체와 물질,[4과05-01],"물체를 이루는 여러 가지 물질의 성질을 비교하고, 물질의 종류에 따라 물체를 분류할 수 있다.","물체를 이루는 여러 가지 물질의 성질을 비교하여 설명하고, 물질의 종류에 따라 물체를 분류할 수 있다.",물체를 이루는 여러 가지 물질의 성질을 관찰하여 비교할 수 있다.,물체를 이루는 물질이 여러 가지임을 말할 수 있다.,"[4과05-01] 나무, 철, 유리, 플라스틱 등 학생들이 일상생활에서 쉽게 접할 수 있는 물질의 다양한 성질을 관찰하고 비교하는 활동에 중점을 두고, 이를 바탕으로 여러 가지 물체를 물질의 종류에 따라 분류하도록 한다."
3~4,과학,물질,,⋅물질의 세 가지 상태,[4과05-02],"물질의 세 가지 상태인 고체, 액체, 기체의 성질을 관찰하여 비교할 수 있다.","실험을 통해 물질의 세 가지 상태인 고체, 액체, 기체가 가진 성질을 관찰하고, 물질의 세 가지 상태의 성질을 비교하여 설명할 수 있다.","실험을 통해 물질의 세 가지 상태인 고체, 액체, 기체의 성질을 관찰하여 말할 수 있다.","우리 주변에 물질의 세 가지 상태인 고체, 액체, 기체가 있다는 것을 말할 수 있다.","[4과05-02] 물질의 세 가지 상태인 고체, 액체, 기체의 성질을 관찰하고 비교하는 활동에 중점을 두고, 한 가지 물질이 여러 가지 상태로 존재한다는 것은 다루지 않는다."
3~4,과학,물질,,,[4과05-03],다양한 물질의 성질을 이용하여 쓰임새 있는 물체를 설계할 수 있다.,"물체의 쓰임새에 적합한 성질을 가진 물질을 이용하여 물체를 설계하고, 물체의 쓰임새와 물질의 성질을 관련지어 설명할 수 있다.",물체의 쓰임새에 적합한 물질을 선택하여 물체를 설계할 수 있다.,다양한 물질의 성질을 이용하여 만들어진 물체를 찾아 말할 수 있다.,
3~4,과학,지구와 우주,"⋅지구계는 지권, 수권, 기권, 생물권 등으로 구성되며, 이러한 지구계 구성 요소들이 상호작용을 통해 에너지와 물질을 교환하는 과정에서 다양한 자연 현상들이 발생한다.
⋅암석과 화석, 지구 내부를 탐구함으로써 지질시대 동안 지구 환경과 생물의 변천 과정을 밝혀낼 수 있다.
⋅물은 땅과 바다, 대기 등으로 끊임없이 순환하면서 지표의 특징을 변화시키고 지하구조를 만든다.
⋅지구의 기후시스템은 태양 복사와 지구 복사, 인간 활동 등의 영향을 받으며, 이러한 요인들이 복합적으로 상호작용하여 나타난 기상 현상과 기후변화는 우리 생활과 지속가능성에 영향을 미친다.
⋅태양계는 행성 및 소천체 등으로 구성되며, 생성 과정에 따라 태양계 천체의 표면은 다양하게 나타난다.
⋅별의 표면 온도, 크기, 질량, 거리 등을 결정하는 데 관측 자료와 증거 기반 해석 등이 활용된다.","⋅지구의 대기
⋅바다의 특징",[4과06-01],"지구가 대기로 둘러싸여 있음을 알고, 지구 표면을 구성하는 육지와 바다의 특징을 비교할 수 있다.","지구가 대기로 둘러싸여 있음을 알고, 지구 표면을 구성하는 육지와 바다의 면적과 특징을 비교할 수 있다.","지구가 대기로 둘러싸여 있음을 알고, 지구 표면을 구성하는 육지와 바다의 면적을 비교할 수 있다.","지구에 대기, 육지, 바다가 있다는 것을 말할 수 있다.",
3~4,과학,지구와 우주,,"⋅바다의 특징
⋅바닷가 주변 지형
⋅파도",[4과06-02],"바닷물의 특징을 육지의 물과 비교하고, 바닷가에서 볼 수 있는 다양한 지형을 조사할 수 있다.","육지의 물과 바닷물을 가열하여 남는 물질을 탐구하는 활동을 통해 바닷물의 특징을 육지의 물과 비교하고, 바닷가에서 볼 수 있는 다양한 지형을 조사하여 발표할 수 있다.","육지의 물과 바닷물을 가열하여 남는 물질을 비교하고, 바닷가에서 볼 수 있는 다양한 지형을 조사할 수 있다.",육지의 물과 바닷물을 가열하여 남는 물질을 관찰할 수 있다.,"[4과06-02] 바닷물의 침식, 운반, 퇴적 작용에 대해서는 다루지 않는다."
3~4,과학,지구와 우주,,"⋅밀물과 썰물
⋅갯벌 보전",[4과06-03],"밀물과 썰물의 차이를 알고, 갯벌의 가치와 보전의 필요성을 설득⋅홍보할 수 있다.","밀물과 썰물의 차이를 설명하고, 갯벌의 가치와 보전의 필요성을 설득･홍보할 수 있는 홍보물을 제작할 수 있다.","밀물과 썰물 현상을 구별하고, 갯벌의 가치와 보전의 필요성을 말할 수 있다.","밀물과 썰물 현상이 있음을 알고, 갯벌의 소중함에 관심을 가진다.","[4과06-03] 밀물과 썰물은 바닷물의 높이 변화를 다루는 수준이며, 조석 용어와 원인에 대해서는 다루지 않는다."
3~4,과학,운동과 에너지,"⋅자연과 일상생활 속의 여러 가지 힘은 물체의 속력과 운동 방향을 변화시키고, 물체의 운동은 힘과 에너지를 통해 예측할 수 있으며, 이는 안전한 일상생활의 토대가 된다.
⋅전하와 전류는 다양한 전기와 자기 현상을 일으키고, 전기와 자기에 대한 성질은 전구, 전동기 등 여러 가지 전기 기구의 작동 원리로 유용하게 활용된다.
⋅열은 온도가 높은 곳에서 낮은 곳으로 이동하며, 일상생활에서는 단열 등 다양한 분야에 물질의 열적 성질이나 열의 이동 방식이 이용된다.
⋅빛과 소리는 반사, 굴절, 진동 등 파동의 특성을 가지며, 그 특성은 거울, 렌즈, 악기, 색의 구현 등 편리하고 심미적인 삶에 도움이 된다.",⋅소리의 발생,[4과07-01],"여러 가지 물체를 이용하여 소리를 내보고, 소리가 나는 물체는 떨림이 있음을 설명할 수 있다.","여러 가지 물체를 이용하여 소리를 내보고, 소리가 나는 현상을 관찰하여 소리가 나는 물체는 떨림이 있음을 설명할 수 있다.",소리굽쇠를 관찰하여 소리가 나는 소리굽쇠는 떨림이 있음을 설명할 수 있다.,"소리가 나는 물체의 예를 들고, 물체를 이용하여 소리를 낼 수 있다.",
3~4,과학,운동과 에너지,,"⋅소리의 세기
⋅소리의 높낮이",[4과07-02],"큰 소리와 작은 소리, 높은 소리와 낮은 소리를 구분하고, 세기와 높낮이가 다른 소리를 낼 수 있다.","물체의 길이에 따른 소리의 높낮이를 비교하고, 큰 소리와 작은 소리, 높은 소리와 낮은 소리를 내는 방법을 알고 소리를 낼 수 있다.","다양한 소리를 듣고, 큰 소리와 작은 소리, 높은 소리와 낮은 소리로 구분할 수 있다.",물체에 따라 다양한 소리가 나는 것을 말할 수 있다.,
3~4,과학,운동과 에너지,,⋅소리의 전달,[4과07-03],"여러 가지 물질을 통하여 소리가 전달되는 것을 관찰하고, 소음을 줄이는 방법을 찾아 일상생활에서 실천할 수 있다.","소리가 여러 가지 물질을 통하여 전달되는 것을 이해하고, 일상생활에서 소음을 줄이는 방법을 조사하여 실천할 수 있다.","여러 가지 물질을 통하여 소리가 전달되는 것을 관찰하고, 일상생활에서 소음을 줄이는 방법을 조사할 수 있다.","소리가 전달되고 있음을 알고, 일상생활에서 소음과 관련된 예를 들 수 있다.","[4과07-03] 소리가 여러 가지 물질을 통해 전달되는 현상을 관찰하는 데 중점을 두며, 소리 전달의 과학적 원리는 다루지 않도록 한다."
3~4,과학,과학과 사회,"⋅과학 탐구를 통해 얻은 과학기술은 질병의 발생 원인 규명과 예방법 마련 등 인류 복지에 기여하고, 인류가 처한 여러 가지 재난 상황 극복에 활용된다.
⋅과학기술은 자원과 에너지 등의 효율적 이용 방안을 제공하여 지속가능한 사회에 기여한다.
⋅과학기술의 발달은 미래 사회의 모습과 직업에 영향을 미치며, 개인은 이러한 미래 사회의 모습과 새로운 진로를 탐색하며 자신의 삶을 준비한다.","`⋅질병과 예방
⋅감염병과 건강한 생활",[4과08-01],"생활 속 감염병의 사례를 알고, 다양한 질병과 그 위험성에 대해 토의할 수 있다.",생활 속 감염병의 사례를 조사하여 다양한 질병과 그 위험성에 대해 토의할 수 있다.,생활 속 감염병 사례를 조사하여 질병의 위험성을 발표할 수 있다.,생활 속 감염병 사례를 조사하여 말할 수 있다.,[4과08-01] 질병은 예방접종이나 범유행 상황 등 학생이 경험하거나 인지할 수 있는 생활 속 질병을 다룬다.
3~4,과학,과학과 사회,,,[4과08-02],"감염병으로부터 안전한 사회에 관심을 가지고, 여러 감염 과정을 통해 생활 습관과 감염병 유행과의 연관성을 설명할 수 있다.","감염병으로부터 안전한 사회에 관심을 가지고, 여러 감염 과정과 관련지어 감염 예방 방법을 탐구하여 생활 습관과 감염병 유행이 연관되어 있음을 설명할 수 있다.","감염병에 대해 인식하고, 여러 감염 과정을 통해 감염병에 걸릴 수 있음을 이해하고, 감염을 예방하는 생활 습관에 대해 말할 수 있다.","감염병에 걸릴 수 있음을 알고, 이를 예방하는 생활 습관에 대해 말할 수 있다.","[4과08-02] 감염 과정은 생활 습관과 관련지을 수 있는 접촉 감염, 비말 감염, 공기 감염, 수인 감염, 타액 감염 등의 사례로 한정하여 다루며, 감염병의 특성과 면역 반응을 구체적으로 다루지 않는다."
3~4,과학,과학과 사회,,,[4과08-03],"건강한 생활을 위해 필요한 감염병 예방 수칙을 공유하고, 생활 속에서 실천할 수 있다.","건강한 생활을 위해 필요한 감염병 예방 수칙을 토의하여 공유하고, 생활 속에서 감염병 예방 수칙의 중요성을 인식하고 이를 실천할 수 있다.",건강한 생활을 위해 감염병 예방 수칙을 알고 공유할 수 있다.,건강한 생활을 위해 감염병 예방 수칙이 필요함을 말할 수 있다.,
3~4,과학,운동과 에너지,"⋅자연과 일상생활 속의 여러 가지 힘은 물체의 속력과 운동 방향을 변화시키고, 물체의 운동은 힘과 에너지를 통해 예측할 수 있으며, 이는 안전한 일상생활의 토대가 된다.
⋅전하와 전류는 다양한 전기와 자기 현상을 일으키고, 전기와 자기에 대한 성질은 전구, 전동기 등 여러 가지 전기 기구의 작동 원리로 유용하게 활용된다.
⋅열은 온도가 높은 곳에서 낮은 곳으로 이동하며, 일상생활에서는 단열 등 다양한 분야에 물질의 열적 성질이나 열의 이동 방식이 이용된다.
⋅빛과 소리는 반사, 굴절, 진동 등 파동의 특성을 가지며, 그 특성은 거울, 렌즈, 악기, 색의 구현 등 편리하고 심미적인 삶에 도움이 된다.
","⋅자석과 물체 사이의 힘
⋅자석과 자석 사이의 힘",[4과09-01],"자석과 여러 가지 물체를 가까이했을 때 나타나는 현상을 관찰하고, 자석과 자석에 붙는 물체 사이에 작용하는 힘의 특징을 말할 수 있다.",자석과 여러 가지 물체를 가까이했을 때 나타나는 다양한 현상을 통해 자석과 자석에 붙는 물체 사이에 작용하는 힘의 특징을 설명할 수 있다.,자석과 여러 가지 물체를 가까이했을 때 나타나는 현상을 관찰하여 자석에 붙는 물체들의 공통점을 찾을 수 있다.,자석과 여러 가지 물체를 가까이했을 때 나타나는 현상을 관찰하여 자석에 붙는 물체와 자석에 붙지 않는 물체를 분류할 수 있다.,"[4과09-01∼02] 자석과 물체, 자석과 자석 사이의 상호작용을 다루되, 자기장의 개념은 도입하지 않는다."
3~4,과학,운동과 에너지,,⋅자석의 극,[4과09-02],자석과 자석을 가까이했을 때 나타나는 현상을 관찰하여 그 특징을 자석의 극과 관련지어 설명할 수 있다.,"자석과 자석을 가까이했을 때 나타나는 현상을 관찰하여 같은 극과 다른 극 사이에서 나타나는 힘을 구분하여 이해하고, 이를 활용해 나침반과 자석 사이에 나타나는 현상을 설명할 수 있다.","자석에 두 극이 있음을 알고, 자석과 자석 사이에서 밀거나 당기는 힘이 작용함을 말할 수 있다.",자석과 자석을 가까이했을 때 나타나는 현상을 관찰할 수 있다.,"[4과09-01∼02] 자석과 물체, 자석과 자석 사이의 상호작용을 다루되, 자기장의 개념은 도입하지 않는다."
3~4,과학,운동과 에너지,,⋅자석의 이용,[4과09-03],자석을 이용하여 일상생활을 편리하게 하는 장치를 설계할 수 있다.,"자석의 성질을 이용하여 일상생활에 편리한 장치를 설계할 수 있고, 이 과정에서 과학의 유용성을 인식한다.",자석의 성질을 이용한 장치를 설계할 수 있다.,일상생활에서 자석을 이용한 장치를 보고 자석의 성질과 관련된 부분을 말할 수 있다.,
3~4,과학,물질,"⋅물질은 여러 가지 상태로 존재하며, 구성 입자의 운동에 따라 물질의 상태와 물리적 성질이 변한다.
⋅물질의 상태 변화 및 화학 반응에는 에너지 출입이 수반되며, 이는 일상생활에 유용하게 활용된다.
⋅물질은 서로 구분할 수 있는 고유한 특성을 가지며, 물질의 특성은 일상생활의 다양한 혼합물 분리에 이용된다.
⋅화학 반응을 통해 물질은 다른 물질로 변하며, 화학 반응의 규칙성은 새로운 물질의 생성 원리가 된다.",⋅물의 상태 변화,[4과10-01],"물이 세 가지 상태로 변할 수 있음을 알고, 우리 주변에서 예를 찾을 수 있다.","물이 수증기나 얼음으로 변할 수 있음을 말하고, 그 사례를 우리 주변에서 찾아 설명할 수 있다.",물의 세 가지 상태를 우리 주변에서 찾고 물이 수증기나 얼음으로 변할 수 있음을 말할 수 있다.,물의 세 가지 상태를 우리 주변에서 찾아 말할 수 있다.,"[4과10-01] 물의 상태 변화는 관찰 가능한 현상 수준에서만 다루고, 물의 상태가 변하는 까닭은 다루지 않는다."
3~4,과학,물질,,⋅물의 상태 변화,[4과10-02],"물이 얼 때, 얼음이 녹을 때, 물이 증발할 때와 끓을 때, 수증기가 응결할 때의 변화를 관찰할 수 있다.","실험을 통해 물이 얼 때와 얼음이 녹을 때, 물이 증발할 때와 끓을 때, 수증기가 응결할 때의 변화를 관찰하여 설명할 수 있다.","실험을 통해 물이 얼 때와 얼음이 녹을 때, 물이 증발할 때와 끓을 때의 변화를 관찰하여 설명할 수 있다.",실험을 통해 물이 얼 때와 얼음이 녹을 때의 변화를 관찰하여 말할 수 있다.,[4과10-02] 물이 얼 때와 얼음이 녹을 때의 부피 변화는 물기둥의 높이 변화로 관찰하도록 한다. 물의 증발과 끓음을 비교할 때는 물이 수증기로 상태가 변하는 현상이라는 공통점에 중점을 둔다.
3~4,과학,물질,,⋅물의 상태 변화,[4과10-03],물의 상태 변화를 이용하여 물을 얻을 수 있는 장치를 설계하고 만들 수 있다.,"물 부족의 심각성을 공감하고, 물의 상태 변화를 이용하여 물을 얻는 장치를 설계하고 제작할 수 있다.","물의 중요성을 인식하고, 물의 상태 변화를 이용하여 물을 얻는 장치를 설계할 수 있다.","물을 얻는 장치를 설계하는 과정에 참여하고, 물의 중요성을 말할 수 있다.",
3~4,과학,지구와 우주,"⋅지구계는 지권, 수권, 기권, 생물권 등으로 구성되며, 이러한 지구계 구성 요소들이 상호작용을 통해 에너지와 물질을 교환하는 과정에서 다양한 자연 현상들이 발생한다.
⋅암석과 화석, 지구 내부를 탐구함으로써 지질시대 동안 지구 환경과 생물의 변천 과정을 밝혀낼 수 있다.
⋅물은 땅과 바다, 대기 등으로 끊임없이 순환하면서 지표의 특징을 변화시키고 지하구조를 만든다.
⋅지구의 기후시스템은 태양 복사와 지구 복사, 인간 활동 등의 영향을 받으며, 이러한 요인들이 복합적으로 상호작용하여 나타난 기상 현상과 기후변화는 우리 생활과 지속가능성에 영향을 미친다.
⋅태양계는 행성 및 소천체 등으로 구성되며, 생성 과정에 따라 태양계 천체의 표면은 다양하게 나타난다.
⋅별의 표면 온도, 크기, 질량, 거리 등을 결정하는 데 관측 자료와 증거 기반 해석 등이 활용된다.",⋅강 주변 지형,[4과11-01],흐르는 물의 작용과 강 주변 지형의 특징을 관련지을 수 있다.,"흙 언덕을 만들고 물을 흘려보낸 후, 흙이 깎이는 곳과 쌓이는 곳을 관찰하여 흐르는 물의 침식, 운반, 퇴적 작용을 이해하고, 강 주변 지형의 특징을 물의 작용과 관련지어 설명할 수 있다.","흙 언덕을 만들고 물을 흘려보낸 후, 흙이 깎이는 곳과 쌓이는 곳을 관찰하여 흐르는 물의 침식, 운반, 퇴적 작용을 설명할 수 있다.","흙 언덕을 만들고 물을 흘려보낸 후, 흙이 깎이는 곳과 쌓이는 곳을 찾아 말할 수 있다.","[4과11-01] 강 주변 지형은 흐르는 물에 의한 침식, 운반, 퇴적 작용을 중심으로 다룬다."
3~4,과학,지구와 우주,,⋅화산 활동,[4과11-02],"화산의 의미와 화산 활동으로 나오는 물질을 알고, 화산 활동을 모형으로 표현할 수 있다.","화산의 의미와 화산 활동으로 나오는 물질을 알고, 화산 활동을 모형으로 표현하여 설명할 수 있다.","화산의 의미를 알고, 화산 활동 모형에서 화산 활동으로 나오는 물질을 찾을 수 있다.","화산의 의미를 알고, 화산 활동 모형 만들기 활동에 참여할 수 있다.",[4과11-02] 화산 활동과 화산 분출물을 중심으로 학습한다.
3~4,과학,지구와 우주,,⋅화성암,[4과11-03],화성암을 관찰하고 분류할 수 있다.,"화성암이 화산 활동과 관련되어 있음을 알고, 현무암과 화강암을 관찰하여 특징에 따라 분류할 수 있다.","현무암과 화강암을 관찰하고, 알갱이의 크기에 따라 분류할 수 있다.","현무암과 화강암을 관찰하고, 색을 비교할 수 있다.",[4과11-03] 화성암은 현무암과 화강암만 다룬다.
3~4,과학,지구와 우주,,⋅지진 대처 방법,[4과11-04],"화산 활동과 지진이 우리 생활에 미치는 영향을 조사하여, 대처 방법을 실천할 수 있다.","화산 활동과 지진이 우리 생활에 미치는 영향을 조사하고, 화산 활동과 지진에 안전하게 대처하는 방법을 찾아 실천할 수 있다.","화산 활동과 지진으로부터 안전한 사회에 관심을 가지고, 지진의 피해를 줄이기 위한 대처 방법을 찾아 실천할 수 있다.",지진의 피해를 줄이기 위한 대처 방법을 말할 수 있다.,"[4과11-04] 화산 활동의 피해와 이로운 점을 함께 다루며, 지진 발생 원인은 다루지 않는다."
3~4,과학,생명,"⋅생물은 세포로 이루어져 있고, 여러 구성 단계가 유기적으로 연관되어 있으며, 조화로운 작용을 통해 건강한 몸을 유지한다.
⋅식물은 광합성으로 양분을 만들며, 생물은 호흡을 통해 생명 활동에 필요한 에너지를 얻는다.
⋅동물은 다양한 감각 기관을 통해 자극을 받아들이고, 신경계와 호르몬의 작용을 통해 반응한다.
⋅생물은 생식을 통해 자손을 생산하고, 생물의 형질은 유전자에 의해 자손에게 전달되며, 생물의 유전 현상은 사람의 가계에서도 관찰된다.
⋅우리 주변의 다양한 생물은 환경과 영향을 주고받으며 밀접한 관계를 맺고 있으며, 생물다양성은 생태계와 인간의 삶과도 밀접하게 관련되어 있다.","⋅균류, 원생생물, 세균의 특징",[4과12-01],균류⋅원생생물⋅세균을 관찰하여 특징과 사는 곳을 설명할 수 있다.,"균류･원생생물･세균을 디지털현미경이나 실체현미경, 사진 자료 등을 활용하여 관찰하고, 생물의 특징과 사는 곳을 설명할 수 있다.","균류･원생생물･세균을 관찰하고, 그 특징을 말할 수 있다.",균류･원생생물･세균의 종류를 말할 수 있다.,
3~4,과학,생명,,"⋅균류, 원생생물, 세균의 특징",[4과12-02],균류⋅원생생물⋅세균이 우리 생활에 미치는 영향을 조사하여 발표할 수 있다.,균류･원생생물･세균이 우리 생활에 미치는 긍정적인 영향과 부정적인 영향을 조사하여 발표할 수 있다.,균류･원생생물･세균이 우리 생활에 미치는 영향을 조사할 수 있다.,균류･원생생물･세균이 우리 생활에 영향을 미친다는 것을 말할 수 있다.,
3~4,과학,생명,,"⋅균류, 원생생물, 세균의 특징",[4과12-03],우리 생활에 생명과학이 이용되는 사례를 소개하는 자료를 만들어 공유할 수 있다.,"우리 생활에 생명과학이 이용되는 사례를 조사하여 소개하는 자료를 만들어 공유하고, 이 과정에서 과학의 유용성을 인식할 수 있다.","우리 생활에 생명과학이 이용되는 사례를 조사하여 소개하는 자료를 만들고, 이 과정에서 생명과학에 흥미와 호기심을 가진다.","우리 생활에 생명과학이 이용되는 사례를 조사하고, 이 과정에서 생명과학에 관심을 가진다.","[4과12-03] 우리 생활에 생명과학이 이용되는 사례는 균류, 원생생물, 세균을 중심으로 학생들이 생활 속에서 경험하고 인지할 수 있는 수준으로 다룬다."
3~4,과학,지구와 우주,"⋅지구계는 지권, 수권, 기권, 생물권 등으로 구성되며, 이러한 지구계 구성 요소들이 상호작용을 통해 에너지와 물질을 교환하는 과정에서 다양한 자연 현상들이 발생한다.
⋅암석과 화석, 지구 내부를 탐구함으로써 지질시대 동안 지구 환경과 생물의 변천 과정을 밝혀낼 수 있다.
⋅물은 땅과 바다, 대기 등으로 끊임없이 순환하면서 지표의 특징을 변화시키고 지하구조를 만든다.
⋅지구의 기후시스템은 태양 복사와 지구 복사, 인간 활동 등의 영향을 받으며, 이러한 요인들이 복합적으로 상호작용하여 나타난 기상 현상과 기후변화는 우리 생활과 지속가능성에 영향을 미친다.
⋅태양계는 행성 및 소천체 등으로 구성되며, 생성 과정에 따라 태양계 천체의 표면은 다양하게 나타난다.
⋅별의 표면 온도, 크기, 질량, 거리 등을 결정하는 데 관측 자료와 증거 기반 해석 등이 활용된다.","⋅달의 모양과 표면
⋅달의 위상변화",[4과13-01],"달의 모양과 표면, 달의 위상변화를 관찰하여 밤하늘 관찰에 흥미를 가질 수 있다.","달의 모양과 표면, 여러 날 동안 보이는 달의 위상 변화를 관찰하여 달의 모양이 주기적으로 바뀌는 것을 알고, 밤하늘 관찰에 흥미를 가진다.","여러 날 동안 보이는 달의 모양을 관찰하고, 밤하늘 관찰에 흥미를 가진다.",달을 관찰하고 밤하늘 관찰에 관심을 가진다.,"[4과13-01] 달의 위상변화 원인을 다루지 않고, 달의 모양이 주기적으로 바뀌는 현상을 관찰하여 확인하는 데 초점을 둔다."
3~4,과학,지구와 우주,,⋅태양계 행성,[4과13-02],"태양계 구성원을 알고, 태양과 행성을 조사할 수 있다.","태양계 구성원을 알고, 태양과 행성의 표면적 특징을 조사하여 태양계 행성 모형을 만들 수 있다.","태양계 구성원을 알고, 태양계 행성의 특징을 말할 수 있다.",태양계 구성원을 조사할 수 있다.,"[4과13-02] 태양계를 구성하는 행성들의 표면적인 특징 위주로 조사하고, 태양과 행성의 실제 크기나 태양에서 행성까지의 실제 거리, 행성의 질량, 자전 속도, 대기 성분 등과 같은 구체적인 물리량은 다루지 않는다."
3~4,과학,지구와 우주,,⋅별과 별자리,[4과13-03],"별의 정의를 알고, 북극성 주변의 별자리를 관찰할 수 있다.","별의 정의를 행성과 비교하여 설명하고, 북극성 주변의 별자리를 관찰하여 별자리 이름을 말할 수 있다.","별의 정의를 설명하고, 북극성 주변의 별자리 이름을 말할 수 있다.",별이 행성과 다르다는 것을 말할 수 있다.,"[4과13-03] 별의 정의는 행성과 비교하여 스스로 빛을 내는 천체라는 수준에서만 다룬다. 별자리는 학생들이 쉽게 관찰할 수 있는 북극성 주변의 별자리를 다루며, 계절별 별자리와 관련짓지 않는다."
3~4,과학,생명,"⋅생물은 세포로 이루어져 있고, 여러 구성 단계가 유기적으로 연관되어 있으며, 조화로운 작용을 통해 건강한 몸을 유지한다.
⋅식물은 광합성으로 양분을 만들며, 생물은 호흡을 통해 생명 활동에 필요한 에너지를 얻는다.
⋅동물은 다양한 감각 기관을 통해 자극을 받아들이고, 신경계와 호르몬의 작용을 통해 반응한다.
⋅생물은 생식을 통해 자손을 생산하고, 생물의 형질은 유전자에 의해 자손에게 전달되며, 생물의 유전 현상은 사람의 가계에서도 관찰된다.
⋅우리 주변의 다양한 생물은 환경과 영향을 주고받으며 밀접한 관계를 맺고 있으며, 생물다양성은 생태계와 인간의 삶과도 밀접하게 관련되어 있다.",⋅생물 요소와 비생물 요소,[4과14-01],생태계의 구성 요소를 조사하여 생물 요소와 비생물 요소로 분류할 수 있다.,"생태계의 구성 요소를 조사하여 생물 요소와 비생물 요소로 분류하고, 양분을 얻는 방법에 따라 생물 요소를 분류하여 설명할 수 있다.","생태계의 구성 요소를 조사하여 생물 요소와 비생물 요소가 있음을 알고, 생물 요소가 양분을 얻는 방법이 다르다는 것을 말할 수 있다.",생태계의 구성 요소를 조사하여 이를 말할 수 있다.,"[4과14-01] 숲, 바다, 강 등 다양한 생태계를 다루고, 각 생태계에서 생물 요소와 비생물 요소를 분류할 수 있게 한다."
3~4,과학,생명,,⋅먹이사슬과 먹이그물,[4과14-02],생물 요소들의 먹고 먹히는 관계를 조사하여 먹이그물로 표현할 수 있다.,"생물 요소들의 먹고 먹히는 관계를 조사하여 먹이 관계 모형의 특징을 이해하고, 이를 먹이그물로 표현할 수 있다.","생물 요소들의 먹고 먹히는 관계를 조사하여, 이를 먹이사슬로 표현할 수 있다.","생물 요소의 먹고 먹히는 관계가 있음을 알고, 먹고 먹히는 관계의 한 예를 말이나 글로 표현할 수 있다.",[4과14-02] 생태계에서 다양한 먹이 관계를 알아보고 먹이 관계가 복잡할수록 생물이 생존하는 데 유리함을 이해하게 한다.
3~4,과학,생명,,"⋅환경오염이 생물에 미치는 영
",[4과14-03],"인간 활동이 생태계에 미치는 영향을 조사하고, 생태계 보전을 위해 우리가 할 수 있는 일을 토의하여 실천할 수 있다.","인간 활동이 생태계에 미치는 영향을 조사하고, 생태계 보전을 위해 우리가 할 수 있는 일을 토의하여 실천함으로써 생태계 보전의 중요성을 알고 생태계를 소중히 여기는 태도를 가진다.","인간 활동이 생태계에 미치는 영향을 조사하고, 생태계 보전을 위한 실천 방법을 탐색할 수 있다.",인간 활동이 생태계에 영향을 미친다는 것을 말할 수 있다.,"[4과14-03] 대기오염, 수질오염, 토양오염 등의 환경오염에 관한 사례를 중심으로 다루고, 생태계 보전을 위해 우리가 해야 할 일을 조사하여 실천함으로써 생태계 보전에 대한 의식을 가지게 한다."
3~4,과학,물질,"⋅물질은 여러 가지 상태로 존재하며, 구성 입자의 운동에 따라 물질의 상태와 물리적 성질이 변한다.
⋅물질의 상태 변화 및 화학 반응에는 에너지 출입이 수반되며, 이는 일상생활에 유용하게 활용된다.
⋅물질은 서로 구분할 수 있는 고유한 특성을 가지며, 물질의 특성은 일상생활의 다양한 혼합물 분리에 이용된다.
⋅화학 반응을 통해 물질은 다른 물질로 변하며, 화학 반응의 규칙성은 새로운 물질의 생성 원리가 된다.",⋅기체의 무게,[4과15-01],실험을 통해 기체가 무게가 있음을 설명할 수 있다.,"기체가 무게가 있음을 알아보는 실험을 수행하고, 실험 결과를 바탕으로 기체는 무게가 있음을 설명할 수 있다.",기체가 무게가 있음을 알아보는 실험을 수행할 수 있다.,기체가 무게가 있음을 말할 수 있다.,[4과15-01] 부피가 같은 용기에 공기를 1기압으로 담은 상태와 이 상태에서 공기를 넣거나 뺀 상태의 무게를 비교하는 실험을 바탕으로 기체가 무게가 있음을 설명한다.
3~4,과학,물질,,⋅온도와 압력에 따른 기체의 부피 변화,[4과15-02],"온도나 압력에 따라 기체의 부피가 달라지는 현상을 관찰하고, 우리 주변에서 예를 찾을 수 있다.","온도나 압력에 따라 기체의 부피가 달라지는 현상을 관찰하고, 우리 주변에서 관련된 사례를 찾아 설명할 수 있다.",온도나 압력에 따라 기체의 부피가 달라지는 현상을 관찰하고 설명할 수 있다.,온도나 압력에 따라 기체의 부피가 달라짐을 말할 수 있다.,"[4과15-02] 온도를 높일 때와 낮출 때 공기의 부피 변화, 압력을 높일 때와 낮출 때 공기의 부피 변화를 관찰하도록 한다. 온도나 압력에 따라 기체의 부피가 어떻게 변하는지를 정성적으로 이해하도록 하고, 입자 모형으로 기체의 부피가 변하는 까닭은 설명하지 않는다."
3~4,과학,물질,,⋅온도와 압력에 따른 기체의 부피 변화,[4과15-03],"일상생활에서 이용되는 기체의 종류와 성질을 조사하고, 여러 가지 기체에 대해 흥미를 느낄 수 있다.","일상생활에서 이용하는 기체의 종류와 성질을 조사하여 설명하고, 여러 가지 기체에 흥미를 가진다.","일상생활에서 이용하는 기체의 종류를 조사하고, 여러 가지 기체에 흥미를 가진다.",일상생활에서 여러 가지 기체가 이용되고 있음을 말할 수 있다.,
3~4,과학,물질,,⋅온도와 압력에 따른 기체의 부피 변화,[4과15-04],기체의 성질을 이용하여 작동시킬 수 있는 장치를 설계하고 만들 수 있다.,"기체의 성질을 이해하고, 이를 이용하여 작동시킬 수 있는 장치를 설계하고 만들 수 있다.","기체의 성질을 이해하고, 이를 이용하여 작동시킬 수 있는 장치를 설계할 수 있다.",기체의 성질을 이용하여 작동시킬 수 있는 장치를 통해 기체의 성질을 말할 수 있다.,
3~4,과학,과학과 사회,"⋅과학 탐구를 통해 얻은 과학기술은 질병의 발생 원인 규명과 예방법 마련 등 인류 복지에 기여하고, 인류가 처한 여러 가지 재난 상황 극복에 활용된다.
⋅과학기술은 자원과 에너지 등의 효율적 이용 방안을 제공하여 지속가능한 사회에 기여한다.
⋅과학기술의 발달은 미래 사회의 모습과 직업에 영향을 미치며, 개인은 이러한 미래 사회의 모습과 새로운 진로를 탐색하며 자신의 삶을 준비한다.",⋅기후변화 사례,[4과16-01],"기후변화 현상의 예를 알고, 기후변화가 인간의 활동과 관련되어 있음을 토의할 수 있다.","다양한 기후변화 현상의 예를 알고, 기후변화에 영향을 주는 인간의 활동을 찾아 증거에 기반하여 토의할 수 있다.","기후변화 현상의 예를 알고, 기후변화와 인간의 활동 사이의 관계를 조사할 수 있다.",기후변화에 따른 현상을 찾아 말할 수 있다.,"[4과16-01] 기후변화의 과학적 원인은 다루지 않으며 기온, 강수량 등 기후요소가 평년값에 비해 현저히 높거나 낮은 사례(가뭄, 폭설, 폭염, 한파, 홍수 등)를 탐구하도록 한다."
3~4,과학,과학과 사회,,⋅기후변화 사례,[4과16-02],"기후변화의 심각성에 관심을 가지고, 기후변화가 우리 생활과 환경에 미치는 영향을 설명할 수 있다.","기후변화의 심각성에 관심을 가지고, 해수면 상승으로 인한 피해 모형실험을 통해 기후변화가 우리 생활과 환경에 미치는 영향을 설명할 수 있다.","기후변화에 관심을 가지고, 기후변화가 우리 생활과 환경에 미치는 영향을 해수면 상승과 관련지어 말할 수 있다.",해수면 상승이 기후변화와 관련이 있다는 것을 말할 수 있다.,"[4과16-02] 인간의 삶에 부정적인 영향을 미치는 기후변화 현상의 사례를 모형이나 실험 활동을 통해 알아보고, 이에 기반하여 기후변화로 인한 인간의 피해를 예측하고 설명할 수 있도록 한다."
3~4,과학,과학과 사회,,⋅기후위기 대응,[4과16-03],"기후변화 대응 방법을 조사하고, 생활 속에서 기후변화 대응 방법을 실천할 수 있다.","지속가능한 사회에 관심을 가지고, 기후변화 대응 방법을 조사하여 생활 속에서 대응 방법을 실천한다.","지속가능한 사회에 관심을 가지고, 생활 속에서 실천할 수 있는 기후변화 대응 방법을 조사할 수 있다.",생활 속에서 실천할 수 있는 기후변화 대응 방법을 조사할 수 있다.,
3~4,체육,운동,"⋅운동은 체력과 건강을 관리하는 주요 방법으로, 생애 전반에 걸쳐 건강한 삶의 토대가 된다.
⋅체력은 건강의 기초가 되며, 건강은 신체적 특성에 맞는 운동과 생활 습관을 계획하고 관리함으로써 증진된다.
⋅인간은 생활 속에서 운동을 즐기고, 심신의 건강을 유지하며, 행복한 삶을 영위한다.",,[4체01-01],운동과 체력의 의미를 이해하고 관계를 파악한다.,"운동이 신체 변화와 체력 증진에 미치는 영향을 명확하게 알고, 운동 전후의 다양한 신체 변화 및 체력 증진의 사례를 들어 구체적으로 설명할 수 있다.","운동이 신체 변화와 체력 증진에 미치는 영향을 대략적으로 알고, 운동 전후의 신체 변화 및 체력 증진 중 일부를 사례를 들어 설명할 수 있다.","운동이 신체 변화나 체력 증진에 미치는 영향을 대략적으로 알고, 운동 전후의 체력 변화 중 일부를 제시할 수 있다.",[4체01-01]은 운동이 신체 변화와 체력 증진에 미치는 영향을 이해하기 위해 설정하였다. 운동과 체력의 의미를 이해하고 운동 전후의 신체 및 체력의 변화와 특성을 파악하여 운동의 중요성을 인식하도록 한다.
3~4,체육,운동,,,[4체01-02],기본 체력운동의 방법과 절차를 익히며 자신의 수준에 맞는 운동을 시도한다.,"체력 증진을 위한 기본 운동 방법과 절차를 명확하게 알고 수행하며, 자신의 신체 특성과 체력 수준에 맞는 다양한 운동을 시도할 수 있다.","체력 증진을 위한 기본 운동 방법과 절차를 대략적으로 알고 수행하고, 자신의 신체 특성과 체력 수준에 맞는 운동을 시도할 수 있다.","체력 증진을 위한 기본 운동 방법을 대략적으로 알고 수행하고, 자신의 신체 특성이나 체력 수준에 맞는 운동을 부분적으로 시도할 수 있다.","[4체01-02]는 체력 증진을 위한 기본 운동 방법과 절차를 체험하며 자신의 신체 특성과 체력 수준에 맞게 운동하기 위해 설정하였다. 준비 운동, 본 운동, 정리 운동의 단계별 목적과 주안점을 파악하면서 운동 방법과 절차를 익히고, 자신의 신체 특성과 체력 수준에 적합한 운동을 선택하여 안전하게 시도하도록 한다."
3~4,체육,운동,,,[4체01-03],운동과 건강의 의미를 이해하고 관계를 파악한다.,"건강의 의미와 운동이 건강을 유지ㆍ증진하는 데 미치는 영향을 명확하게 알고, 운동의 필요성을 다양한 사례를 들어 구체적으로 설명할 수 있다.","건강의 의미와 운동이 건강을 유지ㆍ증진하는 데 미치는 영향을 대략적으로 알고, 운동의 필요성 중 일부를 사례를 들어 설명할 수 있다.","운동이 건강에 미치는 영향을 대략적으로 알고, 운동의 필요성 중 일부를 제시할 수 있다.","[4체01-03]은 운동과 건강의 관계를 이해하기 위해 설정하였다. 건강의 의미와 운동이 건강을 유지, 증진하는 데 미치는 영향을 탐색하고 운동의 필요성을 파악하도록 한다."
3~4,체육,운동,,,[4체01-04],건강을 위한 바른 생활 습관을 이해하고 생활 속에서 규칙적으로 실천한다.,"건강한 생활 습관의 필요성과 실천 방법을 명확하게 알고, 일상생활 전반에서 규칙적으로 실천할 수 있다.","건강한 생활 습관의 필요성과 실천 방법을 대략적으로 알고, 일상생활에서 일부 규칙적으로 실천할 수 있다.","건강한 생활 습관의 필요성을 대략적으로 알고, 일상생활에서 일부 실천할 수 있다.","[4체01-04]는 건강을 유지하는 바른 생활 습관을 이해하고 일상생활에서 적극적으로 실천하는 습관을 기르기 위해 설정하였다. 건강한 생활 습관이 신체적 건강뿐만 아니라 정신적, 사회적 건강에도 영향을 미친다는 점을 이해하고, 건강 증진을 위한 생활 태도와 행동을 가정, 학교, 지역사회에서 규칙적으로 실천하도록 한다."
3~4,체육,운동,,,[4체01-05],자신의 신체적 특징을 긍정적으로 인식하고 운동 계획을 세워 안전하게 활동한다.,"자신의 체격ㆍ체형ㆍ체력적 특징 전반을 긍정적으로 인식하고, 이를 종합적으로 고려한 운동 계획을 구체적으로 세워 안전하게 활동할 수 있다.","자신의 체격ㆍ체형ㆍ체력적 특징 중 일부를 긍정적으로 인식하고, 이를 부분적으로 고려한 운동 계획을 세워 안전하게 활동할 수 있다.","자신의 체격ㆍ체형ㆍ체력적 특징 중 일부를 인식하고, 이를 부분적으로 고려한 운동 계획에 따라 안전하게 활동할 수 있다.","[4체01-05]는 기본 체력운동을 통해 자신에게 적합한 운동 계획을 세우고 실천하기 위해 설정하였다. 체격, 체형, 체력 등 개인마다 다른 신체 특성을 긍정적으로 인식하고 자신의 신체 특성에 맞는 운동을 안전하고 효과적으로 수행하도록 한다."
3~4,체육,운동,,,[4체01-06],운동과 건강한 생활 습관 형성에 관심을 갖고 적극적으로 실천한다.,운동과 건강한 생활 습관 형성에 꾸준히 관심을 갖고 일상생활 전반에서 적극적으로 실천할 수 있다.,운동과 건강한 생활 습관 형성에 꾸준히 관심을 갖고 일상생활에서 일부 실천할 수 있다.,운동과 건강한 생활 습관 형성에 간헐적으로 관심을 갖고 일상생활에서 일부 실천할 수 있다.,"[4체01-06]은 운동을 통한 건강한 생활 습관 형성의 의지를 기르기 위해 설정하였다. 자신의 운동 및 생활 습관을 점검해 보고, 건강 유지, 증진의 저해 요인을 삼가며, 적절한 운동과 바람직한 생활 태도에 관심을 갖고 적극적으로 실천할 수 있는 의지를 갖도록 한다."
3~4,체육,스포츠,"⋅스포츠는 인간이 제도화된 규범과 움직임 기술을 바탕으로 타인 및 주변 세계와 소통하며 바람직한 구성원으로 성장하는 데 이바지한다.
⋅스포츠는 인간이 환경과 상호작용하고 다양한 기술과 창의적인 전략을 발휘하며 한계를 극복하는 과정에서 발달한다.
⋅인간은 스포츠를 다양한 방식으로 체험함으로써 움직임의 즐거움을 느끼고 활동적인 삶의 태도를 배운다.",,[4체02-01],스포츠의 의미와 유형을 파악한다.,"스포츠의 의미와 유형을 명확하게 알고, 기술형ㆍ전략형ㆍ생태형 스포츠의 특성을 예를 들어 구체적으로 설명할 수 있다.","스포츠의 의미와 유형을 대략적으로 알고, 기술형ㆍ전략형ㆍ생태형 스포츠의 특성을 설명할 수 있다.","스포츠의 의미를 대략적으로 알고, 기술형ㆍ전략형ㆍ생태형 스포츠의 종류를 구별할 수 있다.","[4체02-01]은 스포츠의 의미와 유형을 이해하기 위해 설정하였다. 일정한 규칙과 방법에 따라 경기 기술을 수행하고 환경과의 상호작용을 통해 발달한 스포츠의 개념과 기술형, 전략형, 생태형 스포츠의 유형별 특성을 이해하도록 한다."
3~4,체육,스포츠,,,[4체02-02],기본 움직임 기술의 의미와 종류를 이해하고 스포츠와의 관계를 파악한다.,"이동ㆍ비이동ㆍ조작 움직임 기술의 종류와 각각의 의미를 명확하게 알고, 다양한 스포츠에서 활용되는 여러 가지 기본 움직임 기술을 예를 들어 구체적으로 설명할 수 있다.","이동ㆍ비이동ㆍ조작 움직임 기술의 종류와 각각의 의미를 대략적으로 알고, 스포츠에서 활용되는 기본 움직임 기술을 설명할 수 있다.","이동ㆍ비이동ㆍ조작 움직임 기술의 종류를 대략적으로 알고, 스포츠에서 활용되는 일부 기본 움직임 기술을 제시할 수 있다.","[4체02-02]는 기본 움직임 기술의 의미, 종류(이동 움직임, 비이동 움직임, 조작 움직임)와 특성을 파악하기 위해 설정하였다. 기본 움직임 기술의 종류를 다양하게 탐색하면서 스포츠 활동에 기초가 되는 기본 움직임 기술의 특성과 스포츠 활동 수행과의 관계를 파악하도록 한다."
3~4,체육,스포츠,,,[4체02-03],움직임 요소에 따른 기본 움직임 기술의 수행 방법을 파악하고 시도한다.,신체ㆍ노력ㆍ공간ㆍ관계 요소를 전반적으로 고려한 여러 가지 기본 움직임 기술의 수행 방법을 명확히 파악하고 다양한 상황에서 시도할 수 있다.,신체ㆍ노력ㆍ공간ㆍ관계 요소를 전반적으로 고려한 여러 가지 기본 움직임 기술의 수행 방법을 대략적으로 파악하고 시도할 수 있다.,신체ㆍ노력ㆍ공간ㆍ관계 중 일부 요소를 고려한 기본 움직임 기술의 수행 방법을 대략적으로 파악하고 부분적으로 시도할 수 있다.,"[4체02-03]은 움직임 요소의 의미를 이해하고, 기본 움직임 기술을 다양한 상황에서 시도하기 위해 설정하였다. 이동 움직임, 비이동 움직임, 조작 움직임 기술을 단계적으로 익히고, 움직임 요소(신체, 노력, 공간, 관계)에 변화를 주어 안전하고 효과적으로 기본 움직임 기술을 수행하도록 한다."
3~4,체육,스포츠,,,[4체02-04],기본 움직임 기술을 연결한 복합적인 움직임 기술을 파악하고 시도한다.,기본 움직임을 연결한 여러 가지 복합적인 움직임 기술을 명확히 파악하고 다양한 게임 상황에서 시도할 수 있다.,기본 움직임을 연결한 여러 가지 복합적인 움직임 기술을 대략적으로 파악하고 게임 상황에서 시도할 수 있다.,기본 움직임을 연결한 일부 움직임 기술을 대략적으로 파악하고 게임 상황에서 부분적으로 시도할 수 있다.,"[4체02-04]는 기본 움직임 기술을 연결하여 다양하고 복합적인 움직임 기술을 수행하기 위해 설정하였다. 움직임 기술의 종류별(이동 움직임 기술 내 호핑과 스키핑의 연결 등), 종류 간(조작 움직임 기술의 치기와 이동 움직임 기술의 달리기의 연결 등)에 기본 움직임을 다양한 방식으로 연결하여 기본 움직임보다 심화된 복합적인 움직임 기술을 익히고, 간단한 게임 상황에서 시도하도록 한다."
3~4,체육,스포츠,,,[4체02-05],기술형 스포츠에 적합한 기본 움직임 기술을 파악하고 시도한다.,기술형 스포츠에 적합한 여러 가지 기본 움직임 기술을 구체적으로 파악하고 다양한 게임 상황에서 시도할 수 있다.,기술형 스포츠에 적합한 여러 가지 기본 움직임 기술을 대략적으로 파악하고 게임 상황에서 시도할 수 있다.,기술형 스포츠에 적합한 일부 기본 움직임 기술을 대략적으로 파악하고 게임 상황에서 부분적으로 시도할 수 있다.,"[4체02-05]는 기술형 스포츠 유형에 적합한 움직임 기술을 탐색하고 수행하기 위해 설정하였다. 움직임 기술의 수월성을 겨루는 기술형 스포츠 활동에서 활용되는 다양한 기능과 관련된 움직임 기술의 효과적 수행 방법(앞뒤 구르기, 옆돌기, 전력 달리기, 헤엄치기, 발차기 등)을 익히고, 간단한 게임 상황에서 시도하도록 한다."
3~4,체육,스포츠,,,[4체02-06],전략형 스포츠에 적합한 기본 움직임 기술을 파악하고 시도한다.,전략형 스포츠에 적합한 여러 가지 기본 움직임 기술을 구체적으로 파악하고 다양한 게임 상황에서 기본적인 전략을 세워 시도할 수 있다.,전략형 스포츠에 적합한 여러 가지 기본 움직임 기술을 대략적으로 파악하고 게임 상황에서 시도할 수 있다.,전략형 스포츠에 적합한 일부 기본 움직임 기술을 대략적으로 파악하고 게임 상황에서 부분적으로 시도할 수 있다.,"[4체02-06]은 전략형 스포츠 유형에 적합한 움직임 기술을 탐색하고 수행하기 위해 설정하였다. 움직임 기술과 전략에 따라 승패가 결정되는 전략형 스포츠 활동의 다양한 기능과 관련된 움직임 기술의 효과적 수행 방법(공던지기와 잡기, 공몰기, 공차기와 멈추기, 공치기와 받기, 라켓으로 치기 등)을 익히고, 기본적인 전략을 세워 간단한 게임 상황에서 시도하도록 한다."
3~4,체육,스포츠,,,[4체02-07],생태형 스포츠에 적합한 기본 움직임 기술을 파악하고 시도한다.,생태형 스포츠에 적합한 여러 가지 기본 움직임 기술을 구체적으로 파악하고 다양한 활동 상황에서 시도할 수 있다.,생태형 스포츠에 적합한 여러 가지 기본 움직임 기술을 대략적으로 파악하고 활동 상황에서 시도할 수 있다.,생태형 스포츠에 적합한 일부 기본 움직임 기술을 대략적으로 파악하고 활동 상황에서 부분적으로 시도할 수 있다.,"[4체02-07]은 생태형 스포츠 유형에 적합한 움직임 기술을 탐색하고 수행하기 위해 설정하였다. 생활 주변과 자연환경에서 이루어지는 다양한 생태형 스포츠 활동과 관련된 움직임 기술의 수행 방법(균형 잡고 이동하기, 타고 버티기, 잡고 오르기 등)을 익히고, 간단한 활동 상황에서 안전하게 시도하도록 한다."
3~4,체육,스포츠,,,[4체02-08],움직임 기술 수행에 자신감을 갖고 적극적으로 시도한다.,움직임 기술 수행에 항상 자신감을 갖고 다양한 활동 상황에서 적극적으로 시도할 수 있다.,움직임 기술 수행에 자신감을 갖고 활동 상황에서 시도할 수 있다.,움직임 기술 수행에 자신감을 갖고자 노력하며 활동 상황에서 부분적으로 시도할 수 있다.,"[4체02-08]은 기본 움직임 기술의 지속적인 시도를 통해 움직임 기술 수행에 대한 자신감을 기르기 위해 설정하였다. 기본 움직임 기술을 체계적으로 숙달하고, 간단한 규칙을 적용한 활동 상황에서 적극적으로 시도하며 움직임 기술 수행에 대한 자신감을 갖도록 한다."
3~4,체육,스포츠,,,[4체02-09],게임 활동에 최선을 다하고 규칙을 지킨다.,다양한 게임 활동에서 최선을 다하고 합의된 규칙을 일관되게 지키며 게임 활동에 참여할 수 있다.,일부 게임 활동에서 최선을 다하고 합의된 규칙을 지키며 게임 활동에 참여할 수 있다.,일부 게임 활동에 열심히 참여하고 합의된 규칙을 부분적으로 지킬 수 있다.,"[4체02-09]는 게임 활동을 수행하며 정해진 규칙을 지키고 최선을 다하는 태도를 기르기 위해 설정하였다. 다양한 유형의 스포츠 활동에 임하는 마음가짐, 구성원에 대한 태도, 규칙 준수의 필요성, 최선의 가치 등을 실제 활동 과정에서 느끼고 실천하도록 한다."
3~4,체육,스포츠,,,[4체02-10],다양한 스포츠 환경에 개방적인 태도를 갖고 적극적이고 안전하게 스포츠 활동에 참여한다.,"다양한 스포츠 환경에 개방적인 태도를 갖고 이를 적극적으로 실천할 수 있으며, 여러 가지 스포츠 활동에 안전하게 참여할 수 있다.","일부 스포츠 환경에 개방적인 태도를 갖고 이를 실천할 수 있으며, 스포츠 활동에 안전하게 참여할 수 있다.","일부 스포츠 환경에 개방적인 태도를 갖고 이를 실천하기 위해 노력하며, 스포츠 활동에 부분적으로 안전하게 참여할 수 있다.","[4체02-10]은 스포츠 활동을 즐길 수 있는 환경에 개방적인 태도를 갖고 적극적이고 안전하게 활동하는 태도를 기르기 위해 설정하였다. 가정, 학교, 지역사회 체육 시설, 자연환경 등 다양하고 도전적인 스포츠 환경을 적극적으로 수용하고 활용하되, 안전 수칙을 숙지하여 안전사고를 예방하는 태도를 실천하도록 한다."
3~4,체육,표현,"⋅표현 활동은 인간이 신체 움직임에 생각과 감정을 담아 심미적으로 표현하는 과정에서 창의적인 삶의 태도를 형성하고, 예술적 신체활동 문화를 향유할 수 있도록 한다.
⋅표현 활동은 기본 움직임에 표현 원리가 적용되어 다양한 유형으로 구현되며, 구성 및 창작의 과정을 통해 발달한다.
⋅인간은 다양한 표현 활동을 체험함으로써 움직임의 심미적 가치를 내면화하며 자유롭고 주체적으로 사는 방법을 터득한다.",,[4체03-01],표현 활동의 의미와 기본 움직임 기술과의 관계를 파악한다.,"표현 활동의 의미를 명확하게 알고, 표현과 기본 움직임 기술과의 관계를 예를 들어 구체적으로 설명할 수 있다.","표현 활동의 의미를 대략적으로 알고, 표현과 기본 움직임 기술과의 관계를 예를 들어 설명할 수 있다.","표현 활동의 의미를 대략적으로 알고, 표현과 기본 움직임 기술과의 관계를 일부 제시할 수 있다.","[4체03-01]은 표현 활동의 의미, 표현 활동과 기본 움직임 기술과의 관계를 이해하기 위해 설정하였다. 표현 활동에서의 움직임 기술과 운동 및 스포츠 영역에서의 움직임 기술의 차이를 이해함으로써 표현 활동에서 움직임 기술의 창의적이고 심미적인 특성을 이해하도록 한다."
3~4,체육,표현,,,[4체03-02],움직임 요소에 따른 기본 움직임 기술의 표현 방법을 파악하고 시도한다.,"움직임 요소에 따른 기본 움직임 기술의 다양한 표현 방법을 명확하게 알고, 여러 가지 상황에서 아름답게 표현할 수 있다.","움직임 요소에 따른 기본 움직임 기술의 다양한 표현 방법을 대략적으로 알고, 여러 가지 상황에서 표현할 수 있다.","움직임 요소에 따른 기본 움직임 기술의 표현 방법 중 일부를 대략적으로 알고, 주어진 상황에서 부분적으로 표현할 수 있다.","[4체03-02]는 움직임 요소에 따른 다양한 기본 움직임 기술을 학습함으로써 표현 활동의 기본 수행 능력을 기르기 위해 설정하였다. 이동 움직임, 비이동 움직임, 조작 움직임 기술을 체험하되 신체, 노력, 공간, 관계 등 움직임 요소의 변화에 따라 기본 움직임 기술을 창의적이고 심미적으로 표현하도록 한다."
3~4,체육,표현,,,[4체03-03],기본 움직임 기술을 활용하여 사물이나 자연을 모방하여 표현한다.,다양한 기본 움직임 기술을 종합적으로 활용하여 사물이나 자연의 여러 가지 모양 또는 움직임을 모방해 아름답게 표현할 수 있다.,일부 기본 움직임 기술을 활용하여 사물이나 자연의 모양 또는 움직임을 모방해 표현할 수 있다.,일부 기본 움직임 기술을 부분적으로 활용하여 사물이나 자연의 모양 또는 움직임을 모방해 표현할 수 있다.,"[4체03-03]은 기본 움직임 기술을 활용한 모방 표현 능력을 기르기 위해 설정하였다. 기본 움직임 기술을 활용하여 사물, 인물, 자연 현상 등의 모양과 움직임을 모방하여 표현하는 방법을 탐색하고 그 특징을 살려 표현하도록 한다."
3~4,체육,표현,,,[4체03-04],기본 움직임 기술을 활용하여 느낌이나 생각을 표현한다.,여러 기본 움직임 기술을 활용하여 자신의 느낌이나 생각을 창의적으로 표현할 수 있다.,일부 기본 움직임 기술을 활용하여 자신의 느낌이나 생각을 표현할 수 있다.,일부 기본 움직임 기술을 활용하여 자신의 느낌이나 생각을 부분적으로 표현할 수 있다.,[4체03-04]는 기본 움직임 기술을 활용한 추상 표현 능력을 기르기 위해 설정하였다. 기본 움직임 기술을 활용하여 느낌과 생각 등을 동작으로 표현하는 방법을 탐색하고 창의적으로 표현하도록 한다.
3~4,체육,표현,,,[4체03-05],기본 움직임 기술을 리듬에 맞춰 표현한다.,"리듬에 맞춰 표현하는 여러 가지 방법을 구체적으로 탐색하고, 다양한 기본 움직임 기술을 활용하여 리듬감을 살려 표현할 수 있다.","리듬에 맞춰 표현하는 여러 가지 방법을 대략적으로 탐색하고, 일부 기본 움직임 기술을 활용하여 리듬감을 살려 표현할 수 있다.","리듬에 맞춰 표현하는 방법을 대략적으로 탐색하고, 일부 기본 움직임 기술을 부분적으로 활용하여 리듬감을 표현할 수 있다.","[4체03-05]는 기본 움직임 기술을 활용한 리듬 표현 능력을 기르기 위해 설정하였다. 기본 움직임 기술을 활용하여 박자, 강약, 빠르기, 패턴에 맞춰 표현하는 방법을 탐색하고 리듬감을 살려 표현하도록 한다."
3~4,체육,표현,,,[4체03-06],기본 움직임 기술을 도구를 활용하여 표현한다.,"도구를 활용하여 표현하는 여러 가지 방법을 구체적으로 탐색하고, 다양한 기본 움직임 기술과 연결하여 아름답게 표현할 수 있다.","도구를 활용하여 표현하는 여러 가지 방법을 대략적으로 탐색하고, 일부 기본 움직임 기술과 연결하여 아름답게 표현할 수 있다.","도구를 활용하여 표현하는 방법을 대략적으로 탐색하고, 일부 기본 움직임 기술을 부분적으로 연결하여 표현할 수 있다.","[4체03-06]은 기본 움직임 기술을 활용한 도구 표현 능력을 기르기 위해 설정하였다. 기본 움직임 기술을 활용하여 줄, 공, 천, 훌라후프 등 도구의 특성을 활용한 표현 방법을 탐색하고 도구의 조작과 움직임을 연결하여 표현하도록 한다."
3~4,체육,표현,,,[4체03-07],움직임의 심미적 표현에 대한 호기심과 감수성을 나타낸다.,다양한 기본 움직임 기술로 아름답게 표현하는 여러 가지 활동에 깊은 관심을 갖고 감수성을 적극적으로 나타낼 수 있다.,다양한 기본 움직임 기술로 아름답게 표현하는 일부 활동에 관심을 갖고 감수성을 나타낼 수 있다.,기본 움직임 기술로 아름답게 표현하는 일부 활동에 부분적으로 관심을 갖고 감수성을 나타낼 수 있다.,[4체03-07]은 움직임을 심미적으로 표현하는 것에 대한 호기심과 감수성을 갖도록 설정하였다. 기본 움직임 기술을 아름답게 표현하며 움직임을 심미적으로 표현하는 다양한 자극에 관심을 갖고 운동이나 스포츠 기술과는 다른 감성을 느낄 수 있도록 한다.
3~4,음악,연주,"⋅음악은 고유한 방식과 원리에 따라 인간의 느낌, 생각, 경험을 다양한 소리의 어울림으로 표현한 것이다.
⋅개인적 혹은 협력적 음악 연주는 인간의 감수성과 사회⋅문화적 배경에 따라 다양한 행위 과정으로 나타난다.
⋅인간은 생활 속에서 다양한 음악 매체와 표현 방법을 활용하여 함께 경험하며 소통한다.",⋅자세와 주법,[4음01-01],바른 자세와 주법을 익혀 노래 부르거나 악기로 연주한다.,바른 자세와 주법을 충분히 이해하여 자연스럽게 노래 부르거나 악기로 연주한다.,바른 자세와 주법을 이해하여 노래 부르거나 악기로 연주한다.,바른 자세와 주법을 부분적으로 이해하여 노래 부르거나 악기로 연주한다.,
3~4,음악,연주,,"⋅기초적인 음악 요소
⋅느낌, 여러 소리",[4음01-02],기초적인 음악 요소를 살려 노래 부르거나 악기로 연주하고 느낌을 이야기한다.,기초적인 음악 요소를 충분히 이해하여 그 특징을 전체적으로 살려 노래 부르거나 악기로 연주하고 연주를 통해 알게 된 점과 연주에 대한 자신의 느낌을 이야기한다.,기초적인 음악 요소를 이해하여 그 특징을 살려 노래 부르거나 악기로 연주하고 연주에 대한 자신의 느낌을 이야기한다.,기초적인 음악 요소를 부분적으로 이해하여 그 특징을 일부 살려 노래 부르거나 악기로 연주하고 연주에 대한 자신의 느낌을 이야기하려고 노력한다.,"[4음01-02] 이 성취기준은 노래나 악기 연주를 통해 기초적인 음악 요소를 표현하도록 하기 위해 설정하였다. 기초적인 수준의 음악 요소를 익혀 다양한 악곡을 연주하고, 이를 통해 알게 된 점이나 느낌 등을 이야기해 봄으로써 음악 개념과 활동을 의미 있게 연결 짓도록 하는 데 중점을 둔다."
3~4,음악,연주,,,[4음01-03],노래와 악기 연주에 어울리는 신체표현이나 놀이를 하며 음악을 즐긴다.,노래와 악기 연주의 특성을 충분히 이해하여 악곡에 어울리는 신체표현이나 놀이를 하며 적극적인 태도로 음악을 즐긴다.,노래와 악기 연주의 특성을 이해하여 악곡에 어울리는 신체표현이나 놀이를 하며 음악을 즐긴다.,노래와 악기 연주의 특성을 부분적으로 이해하여 신체표현이나 놀이를 하며 음악을 즐기려고 노력한다.,"[4음01-03] 이 성취기준은 다양한 노래나 악기 연주의 특성을 탐색하고 관련지어 자유롭게 신체나 놀이로 표현하도록 하기 위해 설정하였다. 학습자의 발달 단계에 적합한 흥미로운 신체표현을 통해 음악을 즐기고, 음악을 활용하여 전통과 현대의 다양한 놀이를 하도록 함으로써 노래, 연주 등의 음악 활동이 음악 외의 여러 활동과 연결되도록 하는 데 중점을 둔다."
3~4,음악,연주,,⋅생활 속의 음악,[4음01-04],생활 속에서 음악을 경험하며 연주에 관심을 가지고 참여한다.,생활 속의 음악을 충분히 이해하여 음악을 경험하며 연주 활동에 관심을 가지고 적극적으로 참여한다.,생활 속의 음악을 이해하여 음악을 경험하며 연주 활동에 관심을 가지고 참여한다.,생활 속의 음악을 부분적으로 이해하여 음악을 경험하며 연주 활동에 참여하려고 노력한다.,"[4음02-01] 이 성취기준은 감상곡에 포함된 기초적인 음악 요소를 청각적으로 인식하도록 하기 위해 설정하였다. 음악을 들으며 기초적인 수준의 음악 요소를 탐색해 보고, 노래, 악기, 신체, 언어, 그림 등 다양한 방법으로 자신의 반응을 자유롭게 표현하도록 하는 데 중점을 둔다."
3~4,음악,감상,"⋅ 음악은 고유한 방식과 원리에 따라 다양한 속성을 청각적 형태로 구현한 것이다.
⋅ 음악적 수용과 반응은 인간의 감수성과 사회⋅문화적 배경에 따라 다양하게 나타난다.
⋅ 인간은 생활 속에서 다양한 음악 경험을 통해 미적 가치와 의미를 발견하고 공감한다.","⋅기초적인 음악 요소
⋅음악적 특징",[4음02-01],음악을 듣고 기초적인 음악 요소를 탐색하며 반응한다.,음악을 듣고 기초적인 음악 요소를 적극적으로 탐색하며 음악 요소의 특성에 따라 적절하게 반응한다.,음악을 듣고 기초적인 음악 요소를 탐색하며 음악 요소의 특성에 따라 반응한다.,음악을 듣고 기초적인 음악 요소에 대해 반응하려고 노력한다.,[4음02-02] 이 성취기준은 음악의 종류나 주제 등에 따른 음악의 전반적 특징을 발견하며 감상하는 능력을 기르도록 하기 위해 설정하였다. 다양한 음악을 감상하며 음악적 특징을 발표하고 공유하는 활동을 통해 다양한 주제가 감상곡에서 어떤 음악적 특징으로 나타나는지 살펴 청각적 인식과 음악적 이해를 연결 짓도록 하는 데 중점을 둔다.
3~4,음악,감상,,"⋅다양한 종류의 음악
⋅음악적 특징",[4음02-02],다양한 음악을 듣고 음악적 특징을 발견한다.,다양한 음악을 듣고 음악의 종류나 주제에 따른 음악적 특징을 발견하고 종합적으로 연관지어 구체적으로 이야기한다.,다양한 음악을 듣고 음악의 종류나 주제에 따른 음악적 특징을 발견하고 연관지어 이야기한다.,다양한 음악을 듣고 음악의 종류나 주제 등에 따른 음악적 특징을 발견하고 부분적으로 연관지어 이야기한다.,"[4음02-03] 이 성취기준은 다양한 분위기와 쓰임을 가진 음악을 듣고 경험하도록 함으로써 음악을 활용할 수 있는 능력을 기르도록 하기 위해 설정하였다. 악곡과 관련된 느낌과 감정, 분위기나 장면 등을 떠올려 보고, 이를 노래, 악기 연주, 신체표현, 그림, 영상, 글쓰기 등의 방법으로 묘사해 본다. 나아가 놀이, 의식, 노동 등 생활 속에서 다양하게 쓰이는 음악에 관해 이야기해 보며 음악 감상을 통한 경험을 확장하도록 하는 데 중점을 둔다."
3~4,음악,감상,,"⋅다양한 종류의 음악
⋅느낌, 분위기, 쓰임",[4음02-03],다양한 종류의 음악을 듣고 음악의 분위기를 묘사하거나 쓰임을 이야기한다.,다양한 분위기나 쓰임을 가진 여러 종류의 음악을 듣고 주어진 조건에 따라 음악의 분위기를 구체적으로 묘사하거나 쓰임에 대해 정확하게 이야기한다.,다양한 분위기나 쓰임을 가진 여러 종류의 음악을 듣고 주어진 조건에 따라 음악의 분위기를 묘사하거나 쓰임에 대해 이야기한다.,다양한 분위기나 쓰임을 가진 여러 종류의 음악을 듣고 주어진 조건에 따라 음악의 분위기를 간단하게 묘사하거나 쓰임에 대해 이야기하려고 노력한다.,"[4음02-04] 이 성취기준은 일상생활 속에서 호기심을 가지고 다양한 음악을 들으며 친숙함을 느끼도록 하기 위해 설정하였다. 국악, 서양음악, 세계음악, 대중매체에서 접하는 음악 등을 열린 마음으로 수용하고 즐김으로써 음악 감상을 생활화하도록 하는 데 중점을 둔다."
3~4,음악,감상,,"⋅느낌, 분위기, 쓰임",[4음02-04],생활 속에서 음악을 들으며 느낌과 호기심을 갖고 즐긴다.,생활 속에서 호기심을 가지고 다양한 음악을 듣고 음악을 친숙하게 느끼며 적극적으로 즐긴다.,생활 속에서 호기심을 가지고 음악을 듣고 음악을 친숙하게 느끼며 즐긴다.,생활 속에서 음악을 듣고 음악을 느끼며 즐기려고 노력한다.,"[4음02-05] 이 성취기준은 지역에 전승되어 오는 음악 문화유산에 관심을 갖고 찾아 들으며, 생활 속에서 국악을 즐기는 태도를 가질 수 있도록 하기 위해 설정하였다. 타 교과의 지역 학습과 연계하여 지역의 음악 문화유산을 통해 자신이 속한 지역 문화에 대한 이해를 높이고, 지역에 전승되어 오는 음악 문화유산에 호기심을 가지게 함으로써 생활 속에서 국악을 즐기는 태도를 함양하는 데 중점을 둔다."
3~4,음악,감상,,⋅지역의 음악 문화유산,[4음02-05],우리 지역의 음악 문화유산을 찾아 듣고 국악을 즐기는 태도를 갖는다.,우리 지역의 음악 문화유산을 적극적으로 찾아 듣고 음악 문화유산을 충분히 이해하여 국악을 즐기는 태도를 갖는다.,우리 지역의 음악 문화유산을 찾아 듣고 음악 문화유산을 이해하여 국악을 즐기는 태도를 갖는다.,우리 지역의 음악 문화유산을 듣고 음악 문화유산을 부분적으로 이해하여 국악을 즐기는 태도를 가지려 노력한다.,"[4음03-01] 이 성취기준은 주변 경험과 관련된 느낌이나 상상한 바를 음악으로 나타냄으로써 음악적 상상력을 기르도록 하기 위하여 설정하였다. 자신의 느낌이나 상상을 일정한 틀이나 형식에 얽매이지 않고 목소리, 악기, 신체, 물체 등을 활용하여 즉흥적인 소리나 음악으로 표현하는 활동을 하며 자신과 다른 사람의 자유로운 표현을 즐기고 음악에 관한 흥미를 갖도록 하는 데 중점을 둔다."
3~4,음악,창작,"⋅음악은 고유한 방식과 원리에 따라 인간의 무한한 상상과 가능성을 탐구하여 만들어낸 것이다.
⋅개인적 혹은 협력적 음악 창작은 인간의 감수성과 사회⋅문화적 배경에 따라 다양한 과정과 결과물로 나타난다.
⋅인간은 생활 속에서 다양한 매체와 방법을 활용하여 자기 주도적으로 음악을 구성하며 기여한다.","⋅느낌, 상상",[4음03-01],느낌과 상상을 즉흥적으로 표현하며 음악에 대한 흥미를 갖는다.,경험에 관련된 느낌과 상상한 바를 어울리는 소리나 음악으로 즉흥적으로 표현하고 적극적으로 표현 활동하며 음악에 흥미를 갖는다.,경험에 관련된 느낌과 상상한 바를 소리나 음악으로 즉흥적으로 표현하며 음악에 대한 흥미를 갖는다.,"경험에 관련된 느낌과 상상한 바를 소리나 음악으로 즉흥적으로 표현하는 데 관심을 보이며, 음악에 대한 흥미를 가지려고 노력한다.","[4음03-02] 이 성취기준은 노랫말 등 악곡의 일부를 바꾸어 표현하고 음악을 기록하는 다양한 방법에 대해 기초적인 수준에서 이해하도록 하기 위해 설정하였다. 음⋅음표, 그림, 기호, 숫자, 문자 등을 활용하여 악보로 나타내고 창작과 공유의 즐거움을 경험하도록 하는 데 중점을 둔다."
3~4,음악,창작,,⋅간단한 악보,[4음03-02],악곡의 일부를 바꾸어 표현하고 간단한 악보로 나타낸다.,악곡의 특성을 충분히 이해하여 그 일부를 바꾸어 표현하고 음표·기호·숫자 등을 적절히 활용하여 간단한 악보로 나타낸다.,악곡의 특성을 이해하여 그 일부를 바꾸어 표현하고 음표·기호·숫자 등을 활용하여 간단한 악보로 나타낸다.,악곡의 특성을 부분적으로 이해하여 그 일부를 바꾸어 표현하고 음표·기호·숫자 등을 일부 활용하여 간단한 악보로 나타내려고 노력한다.,[4음03-03] 이 성취기준은 음악 요소에 관한 이해를 바탕으로 소리나 음악을 창작하는 기초적인 능력을 기르도록 하기 위해 설정하였다. 기초적인 수준의 음악 요소를 활용하여 짧고 간단한 소리나 음악으로 자유롭게 표현하며 음악 요소에 따른 음악적 효과와 특징을 스스로 인식하도록 하는 데 중점을 둔다.
3~4,음악,창작,,"⋅기초적인 음악 요소
⋅소리와 음악",[4음03-03],기초적인 음악 요소를 활용하여 소리나 음악으로 표현한다.,기초적인 음악 요소를 적절하게 활용하여 음악 요소의 특징이 잘 나타나도록 소리나 음악으로 창의적으로 표현한다.,기초적인 음악 요소를 활용하여 음악 요소의 특징이 나타나도록 소리나 음악으로 표현한다.,기초적인 음악 요소를 활용하여 소리나 음악으로 표현하려고 노력한다.,"[4음03-04] 이 성취기준은 생활 주변의 소리에 민감하게 반응하고 새로운 음악을 만들어가며 즐길 수 있도록 하기 위해 설정하였다. 일상에서 경험할 수 있는 다양한 소리나 장면을 음악의 관점에서 탐색해 보고 이를 모방하여 노래, 악기 연주, 신체표현 등의 다양한 방법으로 나타내도록 한다. 학습자마다 산출해낸 다양한 결과물을 서로 공유하며 새로운 표현과 그 가능성을 즐기도록 하는 데 중점을 둔다."
3~4,음악,창작,,⋅소리와 음악,[4음03-04],생활 주변의 소리나 장면을 모방하며 음악의 새로움을 즐기는 태도를 갖는다.,생활 주변의 소리나 장면의 특징을 살려 실감나게 모방하며 새로운 음악적 표현을 적극적으로 즐기는 태도를 갖는다.,생활 주변의 소리나 장면의 특징을 살려 모방하며 새로운 음악적 표현을 즐기는 태도를 갖는다.,생활 주변의 소리나 장면을 모방하며 새로운 음악적 표현을 즐기려고 노력한다.,
3~4,미술,미적 체험,"⋅미적 체험은 감각을 깨워 미적 감수성을 풍부하게 하며 미적 가치를 발견하도록 한다.
⋅대상과 현상을 관찰하고 지각하는 경험은 앎을 확장하고 자신을 성찰하게 한다. 
⋅이미지에 대한 비판적 이해는 시각적 소통과 문화적 참여의 토대가 된다. ",⋅자신의 감각,[4미01-01],자연물과 인공물을 탐색하는 데 다양한 감각을 활용할 수 있다.,자연물과 인공물을 탐색하는 데 쓰이는 자신의 다양한 감각을 이해하고 적극적으로 활용할 수 있다.,자연물과 인공물을 탐색하는 데 쓰이는 자신의 다양한 감각을 발견하고 활용할 수 있다.,자연물과 인공물을 탐색하는 데 자신의 다양한 감각을 제한적으로 활용할 수 있다.,
3~4,미술,미적 체험,,⋅생활 속 미술,[4미01-02],주변 대상을 체험하며 떠오른 느낌과 생각을 다양한 방법으로 나타낼 수 있다.,주변 대상을 체험하며 떠오른 느낌과 생각을 구체적이고 다양한 방법으로 나타낼 수 있다.,주변 대상을 체험하며 떠오른 느낌과 생각을 다양한 방법으로 나타낼 수 있다.,주변 대상을 체험하며 떠오른 느낌과 생각을 부분적으로 나타낼 수 있다.,
3~4,미술,미적 체험,,⋅대상의 특징,[4미01-03],미적 탐색에 호기심을 갖고 참여하며 자신의 감각으로 대상의 특징을 이해할 수 있다.,미적 탐색에 호기심을 갖고 적극적으로 참여하며 자신의 감각으로 대상의 특징을 이해하고 설명할 수 있다.,미적 탐색에 호기심을 갖고 참여하며 자신의 감각으로 대상의 특징을 이해할 수 있다.,미적 탐색에 관심을 보이며 자신의 감각으로 대상의 특징을 부분적으로 이해할 수 있다.,"[4미01-03] 성취기준은 객관적 지식을 적용하거나 고정 관념에 따라 대상을 이해하는 방식에서 벗어나 몸의 다양한 감각으로 직접 대상을 탐색하는 데 호기심을 갖고 참여하며 자신의 감각을 바탕으로 대상의 특징을 이해하는 데 중점을 둔다. 같은 대상이라도 지각하고 반응하는 방식은 학생마다 다를 수 있다. 대상을 지각하며 자연스럽게 떠올린 자신의 감정, 느낌, 생각 등을 나타내고 친구들의 다양한 반응을 접하며 자신만의 고유한 감각을 통해 대상이 지닌 다채로운 특징을 이해한다."
3~4,미술,미적 체험,,⋅생활 속 미술,[4미01-04],생활 속에서 활용되는 미술에 관심을 가지고 미술의 특징과 역할을 발견할 수 있다.,생활 속에서 활용되는 미술에 지속적인 관심을 가지고 여러 사례를 조사하여 미술의 특징과 역할을 다양하게 발견할 수 있다.,생활 속에서 활용되는 미술에 관심을 가지고 사례를 찾아 미술의 특징과 역할을 발견할 수 있다.,생활 속에서 활용되는 미술에 관심을 보이며 미술의 특징과 역할을 발견하고자 노력한다.,
3~4,미술,표현,"⋅표현은 자신의 느낌과 생각을 시각화하는 창의적 사고와 성찰의 순환 과정으로 이루어진다.
⋅다양한 발상은 아이디어와 주제를 발전시키고 표현의 토대가 된다.
⋅작품 제작은 표현 재료와 방법, 조형 요소와 원리 등을 선택하고 활용하여 창의적으로 문제를 해결하는 과정을 통해 예술적 성취를 경험하게 한다. ",⋅표현 주제,[4미02-01],관찰과 상상으로 아이디어를 떠올려 표현 주제를 구체화할 수 있다.,관찰과 상상으로 다양한 아이디어를 떠올려 표현 주제를 구체화할 수 있다.,관찰과 상상으로 아이디어를 떠올려 표현 주제를 구체화할 수 있다.,관찰과 상상으로 아이디어를 떠올려 표현 주제를 나타낼 수 있다.,
3~4,미술,표현,,⋅기본적인 표현 재료와 용구,[4미02-02],기본적인 표현 재료와 용구의 특성을 이해하고 사용 방법을 익힐 수 있다.,기본적인 표현 재료와 용구의 특성을 이해하고 설명하며 적절한 사용 방법을 익힐 수 있다.,기본적인 표현 재료와 용구의 특성을 이해하고 사용 방법을 익힐 수 있다.,기본적인 표현 재료와 용구의 특성을 부분적으로 이해하고 사용 방법을 익히고자 노력한다.,"[4미02-02] 성취기준은 기본적인 표현 재료의 물성을 경험하고 표현 용구의 사용법을 충분히 익히는 활동에 중점을 둔다. 표현 재료와 용구는 단순히 표현 수단을 넘어 그 자체로서 학생들에게 새로운 느낌과 생각을 가지게 한다. 초등학교 3~4학년 수준에서 다룰 수 있는 기본적인 표현 재료에는 종이류(도화지, 색종이, 한지 등), 드로잉 재료(연필, 펜 등), 채색 재료(크레파스, 파스텔, 수채화물감, 아크릴물감, 먹 등), 조소 재료(찰흙, 종이죽, 공예용 철사 등)가 있으며 그 밖에 생활 속에서 익숙하게 다루고 있는 다양한 생활용품 및 디지털 매체를 활용할 수 있다."
3~4,미술,표현,,⋅조형 요소의 특징,[4미02-03],조형 요소의 특징을 자유롭게 탐색하며 주제 표현에 알맞게 활용할 수 있다.,"조형 요소의 다양한 특징을 자유롭게 탐색하여 이해하고 설명하며, 주제 표현에 적합한 조형 요소를 찾아 알맞게 활용할 수 있다.",조형 요소의 특징을 자유롭게 탐색하여 이해하고 주제 표현에 알맞게 활용할 수 있다.,조형 요소의 일부 특징을 알고 주제 표현에 활용하려고 시도할 수 있다.,"[4미02-03] 성취기준은 미술 표현에 기초가 되는 조형 요소의 특징을 탐색하고 표현 주제와 연결 지어 조형 요소를 활용하는 데 중점을 둔다. 조형 요소에는 선, 형과 형태, 색, 질감, 양감 등이 있다. 각 조형 요소를 탐색하여 시각적 특징을 발견하고 표현하고자 하는 주제와 어울리는 조형 요소를 찾아 주제 표현에 활용한다."
3~4,미술,표현,,"⋅표현 주제
",[4미02-04],표현 의도를 가지고 작품을 제작하며 자기 작품을 소중히 여길 수 있다.,분명한 표현 의도를 가지고 주도적으로 작품을 제작하며 자기 작품을 소중히 여기는 태도를 실천한다.,표현 의도를 가지고 작품을 제작하며 자기 작품을 소중히 여기는 태도를 가진다.,표현 의도를 작품 제작에 반영하고자 시도하며 자기 작품을 소중히 여기는 태도를 가지려고 노력한다.,"[4미02-04] 성취기준은 작품 제작을 위한 계획 단계부터 작품을 완성한 후 발표 및 전시에 이르기까지 학생들의 제작 의도와 작품을 대하는 태도에 중점을 둔다. 작품 제작에 분명한 의도를 갖는 것은 주도적으로 작품을 제작하는 바탕이 되어 표현 재료와 용구, 조형 요소의 특징을 탐색하여 작품에 활용하는 일련의 과정을 이끈다. 또한, 자신의 의도에 따라 주도적으로 제작한 작품에는 특별한 의미가 부여되어 작품을 소중히 여기는 태도로 이어질 수 있다."
3~4,미술,표현,,,[4미02-05],미술과 타 교과를 관련지어 주제를 표현하는데 흥미를 가질 수 있다.,다양한 탐색을 통해 미술과 타 교과를 관련지어 주제를 표현하는 데 지속적으로 흥미를 가진다.,미술과 타 교과를 관련지어 주제를 표현하는 데 흥미를 가진다.,미술과 타 교과를 관련지어 주제를 표현하는 데 흥미를 가지려고 노력한다.,
3~4,미술,감상,"⋅감상은 다양한 삶과 문화가 반영된 미술과의 만남으로 자신과 공동체의 문화를 이해하게 한다.
⋅작품의 내용과 형식에 관한 맥락적 이해와 비평은 미적 판단 능력을 높인다.
⋅감상은 서로 다른 관점을 이해하여 삶에서 미술 문화의 다원적 가치를 존중하도록 한다. ","⋅미술 작품과 미술가",[4미03-01],미술 작품을 자세히 보고 작품과 미술가에 관해 질문할 수 있다.,미술 작품을 자세히 보고 작품과 미술가에 관해 다양하게 질문할 수 있다.,미술 작품을 자세히 보고 작품과 미술가에 관해 질문할 수 있다.,미술 작품을 보고 작품과 미술가에 관해 일부 질문을 시도할 수 있다.,"[4미03-01] 성취기준은 작품에 대한 교사의 질문이나 조사에 의존하는 감상 방식에서 벗어나 학생들이 작품을 충분히 보고 자신의 느낌과 생각을 바탕으로 질문을 만들어 상호 작용하는 데 중점을 둔다. 질문하기를 통한 감상은 작품과 나누는 대화의 시작이다. 작품 정보를 활용한 질문, 작품의 내용이나 형식에 관한 질문, 작가의 입장이 되어 던지는 질문 등 다양한 질문을 통하여 학생들이 감상에 흥미를 느끼고 감상 관점을 기르도록 한다."
3~4,미술,감상,,"⋅미술 작품의 특징",[4미03-02],미술 작품의 특징과 작품에 관한 자신의 느낌과 생각을 설명할 수 있다.,미술 작품의 다양한 특징과 작품에 관한 자신의 느낌과 생각을 구체적으로 설명할 수 있다.,미술 작품의 특징과 작품에 관한 자신의 느낌과 생각을 설명할 수 있다.,미술 작품의 특징과 작품에 관한 자신의 느낌과 생각을 부분적으로 설명할 수 있다.,
3~4,미술,감상,,⋅미술 전시,[4미03-03],미술 문화에 관심을 가지고 전시 및 행사에 참여할 수 있다.,다양한 미술 문화에 관심을 가지고 미술 전시 및 행사에 주도적으로 참여할 수 있다.,미술 문화에 관심을 가지고 미술 전시 및 행사에 참여할 수 있다.,미술 문화에 일부 관심을 가지고 미술 전시 및 행사에 제한적으로 참여할 수 있다.,
3~4,미술,감상,,,[4미03-04],작품 감상에 흥미를 가지고 참여하며 작품에 대한 자신의 감상 관점을 존중할 수 있다.,작품 감상에 흥미를 가지고 적극적으로 참여하며 작품에 대한 자신의 감상 관점을 존중하는 태도를 내면화할 수 있다.,작품 감상에 흥미를 가지고 참여하며 작품에 대한 자신의 감상 관점을 존중할 수 있다.,작품 감상에 참여하며 작품에 대한 자신의 감상 관점을 가지려고 노력한다.,
3~4,영어,이해,"⋅의사소통 목적과 상황에 맞게 배경지식을 활용하고 관점, 목적과 맥락을 파악함으로써 담화나 글을 이해하는 능력을 함양한다. 
⋅적절한 사고 과정 및 전략을 활용하여 담화나 글의 의미를 파악하고 분석한다.
⋅담화나 글을 이해하는 활동은 협력적이고 포용적으로 화자나 필자의 의도를 이해하는 태도를 길러 준다. ",,[4영01-01],알파벳과 쉽고 간단한 단어의 소리를 듣고 식별한다.,알파벳과 쉽고 간단한 단어의 소리를 듣고 정확하게 식별할 수 있다.,알파벳과 쉽고 간단한 단어의 소리를 듣고 대체로 식별할 수 있다.,알파벳과 매우 쉽고 간단한 단어의 소리를 반복하여 듣고 부분적으로 식별할 수 있다.,
3~4,영어,이해,,,[4영01-02],알파벳 대소문자를 식별하여 읽는다.,알파벳 대소문자를 식별하여 정확하게 읽을 수 있다.,알파벳 대소문자를 식별하여 대체로 읽을 수 있다.,알파벳 대소문자를 식별하여 부분적으로 읽을 수 있다.,
3~4,영어,이해,,,[4영01-03],"쉽고 간단한 단어, 어구, 문장을 듣고 강세, 리듬, 억양을 식별한다.","쉽고 간단한 단어, 어구, 문장을 듣고 강세, 리듬, 억양을 정확하게 식별할 수 있다.","쉽고 간단한 단어, 어구, 문장을 듣고 강세, 리듬, 억양을 대체로 식별할 수 있다.","매우 쉽고 간단한 단어, 어구, 문장을 반복하여 듣고 강세, 리듬, 억양을 부분적으로 식별할 수 있다.",
3~4,영어,이해,,,[4영01-04],"소리와 철자의 관계를 이해하며 쉽고 간단한 단어, 어구, 문장을 소리 내어 읽는다.","소리와 철자의 관계를 이해하며 쉽고 간단한 단어, 어구, 문장을 정확하게 소리 내어 읽을 수 있다.","소리와 철자의 관계를 이해하며 쉽고 간단한 단어, 어구, 문장을 대체로 소리 내어 읽을 수 있다.","소리와 철자의 관계를 이해하며 매우 쉽고 간단한 단어, 어구, 문장을 부분적으로 소리 내어 읽을 수 있다.","[4영01-04] 이 성취기준은 단어, 어구, 문장을 개별 소리와 철자 관계에 주목하며 소리 내어 읽음으로써 독자적인 문자 해독의 기초를 형성하는 데 초점이 있다. 초기 학습 단계에서는 소리와 철자 관계가 규칙적이면서 친숙한 단어를 읽고, 나아가 두음이나 각운이 같은 단어를 포함한 어구나 문장, 의미를 알고 있는 어구나 문장을 반복하여 읽으며 소리와 철자 관계를 이해하는 것을 의미한다."
3~4,영어,이해,,,[4영01-05],"쉽고 간단한 단어, 어구, 문장의 의미를 이해한다.","쉽고 간단한 단어, 어구, 문장을 듣거나 읽고 의미를 정확하게 이해할 수 있다.","쉽고 간단한 단어, 어구, 문장을 듣거나 읽고 의미를 대체로 이해할 수 있다.","매우 쉽고 간단한 단어, 어구, 문장을 반복하여 듣거나 읽고 시각 자료 등의 도움을 받아 의미를 부분적으로 이해할 수 있다.",
3~4,영어,이해,,,[4영01-06],자기 주변 주제에 관한 담화의 주요 정보를 파악한다.,"자기 주변 주제에 관한 담화를 듣거나 읽고 모습, 크기, 색깔, 인물, 장소, 시간 등의 주요 정보를 정확하게 파악할 수 있다.","자기 주변 주제에 관한 담화를 듣거나 읽고 모습, 크기, 색깔, 인물, 장소, 시간 등의 주요 정보를 대체로 파악할 수 있다.","자기 주변 주제에 관한 쉽고 간단한 담화를 반복하여 듣거나 읽고 모습, 크기, 색깔, 인물, 장소, 시간 등의 주요 정보를 시각 자료 등의 도움을 받아 부분적으로 파악할 수 있다.","[4영01-06] 이 성취기준은 말이나 대화를 듣고 명시적이고 구체적으로 언급된 정보를 파악하는 사실적 이해의 수준을 말하며, 담화의 상황과 내용을 이해하는 데 가장 핵심이 되는 한두 가지의 정보를 파악하는 것을 의미한다."
3~4,영어,이해,,,[4영01-07],적절한 전략을 활용하여 담화나 문장을 듣거나 읽는다.,적절한 전략을 다양하게 활용하여 담화나 문장을 듣거나 읽을 수 있다.,적절한 전략을 일부 활용하여 담화나 문장을 듣거나 읽을 수 있다.,예시를 참고하여 적절한 전략을 일부 활용하여 담화나 문장을 듣거나 읽을 수 있다.,"[4영01-07] 이 성취기준은 영어 듣기와 읽기 전략에 관한 것으로 실물, 그림, 동작 등의 시각 정보를 활용하여 담화의 상황이나 내용, 문장의 의미를 파악하는 것을 의미한다."
3~4,영어,이해,,,[4영01-08],다양한 매체로 표현된 담화나 문장을 흥미를 가지고 듣거나 읽는다.,다양한 매체로 표현된 담화나 문장을 높은 흥미를 가지고 스스로 찾아 듣거나 읽는다.,다양한 매체로 표현된 담화나 문장을 대체로 흥미를 가지고 듣거나 읽는다.,다양한 매체로 표현된 담화나 문장을 흥미를 가지려고 노력하며 듣거나 읽는다.,
3~4,영어,이해,,,[4영01-09],"시, 노래, 이야기를 공감하며 듣는다.","시, 노래, 이야기를 스스로 찾아 들으면서 화자의 기쁨, 슬픔 등의 감정을 느끼고 적극적으로 공감하는 태도를 보인다.","시, 노래, 이야기를 들으면서 화자의 기쁨, 슬픔 등의 감정을 느끼고 공감하는 태도를 보인다.","시, 노래, 이야기를 들으면서 화자의 기쁨, 슬픔 등의 감정을 느끼고 공감하는 태도를 가지려고 노력한다.","[4영01-09] 이 성취기준은 시, 노래, 이야기 등 문학이나 예술적 감성을 불러일으키는 듣기 자료를 통해 기쁨, 슬픔 등의 감정을 느끼고 공감하는 것을 의미한다."
3~4,영어,이해,,,[4영01-10],자기 주변 주제나 문화에 관한 담화나 문장을 존중의 태도로 듣거나 읽는다.,자기 주변 주제나 문화에 관한 담화나 문장을 듣거나 읽을 때 다양한 생각을 존중하는 적극적인 태도를 보인다.,자기 주변 주제나 문화에 관한 담화나 문장을 듣거나 읽을 때 다양한 생각을 존중하는 태도를 보인다.,자기 주변 주제나 문화에 관한 담화나 문장을 듣거나 읽을 때 다양한 생각을 존중하는 태도를 가지려고 노력한다.,
3~4,영어,표현,"⋅의사소통 목적과 상황에 맞게 적절한 매체를 활용하여 자신의 감정이나 의견을 담화나 글로 표현하는 능력을 함양한다.
⋅적절한 사고 과정 및 전략을 활용하여 의미를 표현하거나 교환한다.
⋅담화나 글로 표현하는 활동은 다양한 문화와 관점에 대한 이해를 바탕으로 협력적이고 포용적으로 상호 소통하며 의미를 표현하거나 교환하는 태도를 길러 준다. ",,[4영02-01],"쉽고 간단한 단어, 어구, 문장을 강세, 리듬, 억양에 맞게 따라 말한다.","쉽고 간단한 단어, 어구, 문장을 듣고 강세, 리듬, 억양에 맞게 정확하게 따라 말할 수 있다.","쉽고 간단한 단어, 어구, 문장을 듣고 강세, 리듬, 억양에 맞게 대체로 따라 말할 수 있다.","매우 쉽고 간단한 단어, 어구, 문장을 반복하여 듣고 강세, 리듬, 억양에 맞게 부분적으로 따라 말할 수 있다.",
3~4,영어,표현,,,[4영02-02],알파벳 대소문자를 구별하여 쓴다.,알파벳 대소 문자를 구별하여 정확하게 쓸 수 있다.,알파벳 대소 문자를 구별하여 대체로 쓸 수 있다.,알파벳 대소 문자를 구별하여 부분적으로 쓸 수 있다.,
3~4,영어,표현,,,[4영02-03],소리와 철자의 관계를 바탕으로 쉽고 간단한 단어를 쓴다.,소리와 철자의 관계를 바탕으로 쉽고 간단한 단어를 정확하게 쓸 수 있다.,소리와 철자의 관계를 바탕으로 쉽고 간단한 단어를 대체로 쓸 수 있다.,소리와 철자의 관계를 바탕으로 매우 쉽고 간단한 단어를 부분적으로 쓸 수 있다.,[4영02-03] 이 성취기준은 단어를 쓰는 단계에서 학습자가 기계적으로 철자를 외워서 쓰는 것이 아니라 단어의 개별 소리에 대응하는 철자를 생각해 보며 쓰도록 하는 것을 의미한다.
3~4,영어,표현,,,[4영02-04],"실물, 그림, 동작 등을 보고 쉽고 간단한 문장으로 말하거나 단어나 어구를 쓴다.","실물, 그림, 동작 등을 보고 적절한 단어와 언어 형식을 사용하여 쉽고 간단한 문장으로 말하거나 단어나 어구를 정확하게 쓸 수 있다.","실물, 그림, 동작 등을 보고 적절한 단어를 사용하여 쉽고 간단한 문장으로 대체로 말하거나 단어나 어구를 대체로 쓸 수 있다.","실물, 그림, 동작 등을 보고 주어진 단어를 사용하여 매우 쉽고 간단한 문장으로 부분적으로 말하거나 주어진 철자를 사용하여 단어나 어구를 부분적으로 쓸 수 있다.",
3~4,영어,표현,,,[4영02-05],"자신, 주변 사람이나 사물의 소개나 묘사를 쉽고 간단한 문장으로 말하거나 보고 쓴다.","자신, 주변 사람이나 사물을 소개 또는 묘사하는 말을 적절한 단어와 언어 형식을 사용하여 쉽고 간단한 문장으로 말하거나 제시된 문장을 정확하게 보고 쓸 수 있다.","자신, 주변 사람이나 사물을 소개 또는 묘사하는 말을 적절한 단어를 사용하여 쉽고 간단한 문장으로 대체로 말하거나 제시된 문장을 대체로 보고 쓸 수 있다.","자신, 주변 사람이나 사물을 소개 또는 묘사하는 말을 주어진 도움 자료를 참고하여 매우 쉽고 간단한 문장으로 부분적으로 말하거나 제시된 문장을 부분적으로 보고 쓸 수 있다.","[4영02-05] 이 성취기준은 간단한 인사말과 함께 자신과 가족, 친구 등의 이름이나 외모, 주변의 물건이나 동물 등의 특징을 쉬운 언어 형식의 한두 문장으로 말하거나 제시된 문장을 그대로 보고 쓰는 것을 의미한다."
3~4,영어,표현,,,[4영02-06],행동 지시를 쉽고 간단한 문장으로 말하거나 보고 쓴다.,행동을 지시하는 말을 적절한 단어와 언어 형식을 사용하여 쉽고 간단한 문장으로 말하거나 제시된 문장을 정확하게 보고 쓸 수 있다.,행동을 지시하는 말을 적절한 단어를 사용하여 쉽고 간단한 문장으로 대체로 말하거나 제시된 문장을 대체로 보고 쓸 수 있다.,주어진 도움 자료를 사용하여 행동을 지시하는 말을 매우 쉽고 간단한 문장으로 부분적으로 말하거나 제시된 문장을 부분적으로 보고 쓸 수 있다.,
3~4,영어,표현,,,[4영02-07],자신의 감정을 쉽고 간단한 문장으로 말하거나 보고 쓴다.,자신의 감정을 적절한 단어와 언어 형식을 사용하여 쉽고 간단한 문장으로 말하거나 제시된 문장을 정확하게 보고 쓸 수 있다.,자신의 감정을 적절한 단어를 사용하여 쉽고 간단한 문장으로 대체로 말하거나 제시된 문장을 대체로 보고 쓸 수 있다.,주어진 도움 자료를 사용하여 자신의 감정을 매우 쉽고 간단한 문장으로 부분적으로 말하거나 제시된 문장을 부분적으로 보고 쓸 수 있다.,
3~4,영어,표현,,,[4영02-08],자기 주변 주제에 관한 담화의 주요 정보를 묻거나 답한다.,자기 주변 주제에 관한 담화의 주요 정보를 적절한 단어와 언어 형식에 맞게 묻거나 답할 수 있다.,자기 주변 주제에 관한 담화의 주요 정보를 적절한 단어를 사용하여 대체로 묻거나 답할 수 있다.,자기 주변 주제에 관한 담화의 주요 정보를 주어진 단어를 참고하여 부분적으로 묻거나 답할 수 있다.,
3~4,영어,표현,,,[4영02-09],적절한 매체나 전략을 활용하여 창의적으로 의미를 표현한다.,적절한 매체나 전략을 다양하게 활용하여 창의적으로 의미를 표현할 수 있다.,적절한 매체나 전략을 일부 활용하여 창의적으로 의미를 표현할 수 있다.,예시를 참고하여 적절한 매체나 전략을 일부 활용하여 창의적으로 의미를 표현할 수 있다.,"[4영02-09] 이 성취기준은 의사소통 과정에서 사진, 그림, 디지털 매체 등을 활용하여 다양한 방식으로 의미를 전달하거나 교환하는 것을 말한다. 이는 표정, 몸짓, 동작 등의 비언어적 수단을 수반하여 말하는 것과 함께 그림 글자나 단어 쓰기, 고안 철자(invented spelling) 쓰기, 철자 점검하며 다시 쓰기 등의 전략을 적절하게 사용하는 것을 의미한다."
3~4,영어,표현,,,[4영02-10],의사소통 활동에 흥미와 자신감을 가지고 대화 예절을 지키며 참여한다.,의사소통 활동에 높은 흥미와 자신감을 가지고 상대방을 배려하고 차례를 지키며 대화에 적극적으로 참여한다.,의사소통 활동에 대체로 흥미와 자신감을 가지고 상대방을 배려하고 차례를 지키며 대화에 참여하는 태도를 보인다.,의사소통 활동에 일부 흥미와 자신감을 가지고 상대방을 배려하고 차례를 지키며 참여하려고 노력한다.,"[4영02-10] 이 성취기준은 말하기⋅쓰기 활동 및 과업을 수행하는 과정에서 학습자가 흥미와 자신감을 가지고 능동적으로 참여하도록 다양한 학습 경험을 제공하는 데 초점이 있으며, 대화 상대자의 영어 사용 수준이나 문화적 차이를 고려하여 상대방을 배려하고 차례를 지키며 대화에 참여하도록 하는 것을 의미한다."
3~4,,,,,,,,,,
3~4,,,,,,,,,,
3~4,,,,,,,,,,
3~4,,,,,,,,,,
3~4,,,,,,,,,,
3~4,,,,,,,,,,
3~4,,,,,,,,,,
3~4,,,,,,,,,,
3~4,,,,,,,,,,
3~4,,,,,,,,,,
3~4,,,,,,,,,,
3~4,,,,,,,,,,
3~4,,,,,,,,,,
3~4,,,,,,,,,,
3~4,,,,,,,,,,
3~4,,,,,,,,,,
3~4,,,,,,,,,,
3~4,,,,,,,,,,
3~4,,,,,,,,,,
3~4,,,,,,,,,,
3~4,,,,,,,,,,
3~4,,,,,,,,,,
3~4,,,,,,,,,,
3~4,,,,,,,,,,
3~4,,,,,,,,,,
3~4,,,,,,,,,,
3~4,,,,,,,,,,
3~4,,,,,,,,,,
3~4,,,,,,,,,,
3~4,,,,,,,,,,
3~4,,,,,,,,,,
3~4,,,,,,,,,,
3~4,,,,,,,,,,
3~4,,,,,,,,,,
3~4,,,,,,,,,,
3~4,,,,,,,,,,
3~4,,,,,,,,,,
3~4,,,,,,,,,,
3~4,,,,,,,,,,
3~4,,,,,,,,,,
3~4,,,,,,,,,,
3~4,,,,,,,,,,
3~4,,,,,,,,,,
3~4,,,,,,,,,,
3~4,,,,,,,,,,
3~4,,,,,,,,,,
3~4,,,,,,,,,,
3~4,,,,,,,,,,
3~4,,,,,,,,,,
3~4,,,,,,,,,,
3~4,,,,,,,,,,
3~4,,,,,,,,,,
3~4,,,,,,,,,,
3~4,,,,,,,,,,
3~4,,,,,,,,,,
3~4,,,,,,,,,,
3~4,,,,,,,,,,
3~4,,,,,,,,,,
3~4,,,,,,,,,,
3~4,,,,,,,,,,
3~4,,,,,,,,,,
3~4,,,,,,,,,,
3~4,,,,,,,,,,
3~4,,,,,,,,,,
3~4,,,,,,,,,,
3~4,,,,,,,,,,
3~4,,,,,,,,,,
3~4,,,,,,,,,,
3~4,,,,,,,,,,
3~4,,,,,,,,,,
3~4,,,,,,,,,,
3~4,,,,,,,,,,
3~4,,,,,,,,,,
3~4,,,,,,,,,,
3~4,,,,,,,,,,
3~4,,,,,,,,,,
3~4,,,,,,,,,,
3~4,,,,,,,,,,
3~4,,,,,,,,,,
3~4,,,,,,,,,,
3~4,,,,,,,,,,
3~4,,,,,,,,,,
3~4,,,,,,,,,,
3~4,,,,,,,,,,
3~4,,,,,,,,,,
3~4,,,,,,,,,,
3~4,,,,,,,,,,
3~4,,,,,,,,,,
3~4,,,,,,,,,,
3~4,,,,,,,,,,
3~4,,,,,,,,,,
3~4,,,,,,,,,,
3~4,,,,,,,,,,
3~4,,,,,,,,,,
3~4,,,,,,,,,,
3~4,,,,,,,,,,
3~4,,,,,,,,,,
3~4,,,,,,,,,,
3~4,,,,,,,,,,
3~4,,,,,,,,,,
3~4,,,,,,,,,,
3~4,,,,,,,,,,
3~4,,,,,,,,,,
3~4,,,,,,,,,,
3~4,,,,,,,,,,
3~4,,,,,,,,,,
3~4,,,,,,,,,,
3~4,,,,,,,,,,
3~4,,,,,,,,,,
3~4,,,,,,,,,,
3~4,,,,,,,,,,
3~4,,,,,,,,,,
3~4,,,,,,,,,,
3~4,,,,,,,,,,
3~4,,,,,,,,,,
3~4,,,,,,,,,,
3~4,,,,,,,,,,
3~4,,,,,,,,,,
3~4,,,,,,,,,,
3~4,,,,,,,,,,
3~4,,,,,,,,,,
3~4,,,,,,,,,,
3~4,,,,,,,,,,
3~4,,,,,,,,,,
3~4,,,,,,,,,,
3~4,,,,,,,,,,
3~4,,,,,,,,,,
3~4,,,,,,,,,,